Invalid HTTP_HOST header: 'checkip.amazonaws.com:443'. You may need to add 'checkip.amazonaws.com' to ALLOWED_HOSTS.
Traceback (most recent call last):
  File "/home/genma/aunshop/venv/lib/python3.9/site-packages/django/core/handlers/exception.py", line 55, in inner
    response = get_response(request)
  File "/home/genma/aunshop/venv/lib/python3.9/site-packages/django/utils/deprecation.py", line 133, in __call__
    response = self.process_request(request)
  File "/home/genma/aunshop/venv/lib/python3.9/site-packages/django/middleware/common.py", line 48, in process_request
    host = request.get_host()
  File "/home/genma/aunshop/venv/lib/python3.9/site-packages/django/http/request.py", line 150, in get_host
    raise DisallowedHost(msg)
django.core.exceptions.DisallowedHost: Invalid HTTP_HOST header: 'checkip.amazonaws.com:443'. You may need to add 'checkip.amazonaws.com' to ALLOWED_HOSTS.
Invalid HTTP_HOST header: 'checkip.amazonaws.com'. You may need to add 'checkip.amazonaws.com' to ALLOWED_HOSTS.
Traceback (most recent call last):
  File "/home/genma/aunshop/venv/lib/python3.9/site-packages/django/core/handlers/exception.py", line 55, in inner
    response = get_response(request)
  File "/home/genma/aunshop/venv/lib/python3.9/site-packages/django/utils/deprecation.py", line 133, in __call__
    response = self.process_request(request)
  File "/home/genma/aunshop/venv/lib/python3.9/site-packages/django/middleware/common.py", line 48, in process_request
    host = request.get_host()
  File "/home/genma/aunshop/venv/lib/python3.9/site-packages/django/http/request.py", line 150, in get_host
    raise DisallowedHost(msg)
django.core.exceptions.DisallowedHost: Invalid HTTP_HOST header: 'checkip.amazonaws.com'. You may need to add 'checkip.amazonaws.com' to ALLOWED_HOSTS.
Internal Server Error: /admin/login/
Traceback (most recent call last):
  File "/home/genma/aunshop/venv/lib/python3.9/site-packages/django/core/handlers/exception.py", line 55, in inner
    response = get_response(request)
  File "/home/genma/aunshop/venv/lib/python3.9/site-packages/django/core/handlers/base.py", line 197, in _get_response
    response = wrapped_callback(request, *callback_args, **callback_kwargs)
  File "/home/genma/aunshop/venv/lib/python3.9/site-packages/django/utils/decorators.py", line 46, in _wrapper
    return bound_method(*args, **kwargs)
  File "/home/genma/aunshop/venv/lib/python3.9/site-packages/django/views/decorators/cache.py", line 62, in _wrapper_view_func
    response = view_func(request, *args, **kwargs)
  File "/home/genma/aunshop/venv/lib/python3.9/site-packages/django/contrib/admin/sites.py", line 422, in login
    **self.each_context(request),
  File "/home/genma/aunshop/venv/lib/python3.9/site-packages/django/contrib/admin/sites.py", line 337, in each_context
    "available_apps": self.get_app_list(request),
  File "/home/genma/aunshop/venv/lib/python3.9/site-packages/django/contrib/admin/sites.py", line 536, in get_app_list
    app_dict = self._build_app_dict(request, app_label)
  File "/home/genma/aunshop/venv/lib/python3.9/site-packages/django/contrib/admin/sites.py", line 478, in _build_app_dict
    has_module_perms = model_admin.has_module_permission(request)
  File "/home/genma/aunshop/venv/lib/python3.9/site-packages/django/contrib/admin/options.py", line 611, in has_module_permission
    return request.user.has_module_perms(self.opts.app_label)
  File "/home/genma/aunshop/venv/lib/python3.9/site-packages/django/contrib/auth/models.py", line 488, in has_module_perms
    return _user_has_module_perms(self, module)
  File "/home/genma/aunshop/venv/lib/python3.9/site-packages/django/contrib/auth/models.py", line 231, in _user_has_module_perms
    for backend in auth.get_backends():
  File "/home/genma/aunshop/venv/lib/python3.9/site-packages/django/contrib/auth/__init__.py", line 38, in get_backends
    return _get_backends(return_tuples=False)
  File "/home/genma/aunshop/venv/lib/python3.9/site-packages/django/contrib/auth/__init__.py", line 27, in _get_backends
    backend = load_backend(backend_path)
  File "/home/genma/aunshop/venv/lib/python3.9/site-packages/django/contrib/auth/__init__.py", line 21, in load_backend
    return import_string(path)()
  File "/home/genma/aunshop/venv/lib/python3.9/site-packages/django/utils/module_loading.py", line 30, in import_string
    return cached_import(module_path, class_name)
  File "/home/genma/aunshop/venv/lib/python3.9/site-packages/django/utils/module_loading.py", line 15, in cached_import
    module = import_module(module_path)
  File "/usr/lib/python3.9/importlib/__init__.py", line 127, in import_module
    return _bootstrap._gcd_import(name[level:], package, level)
  File "<frozen importlib._bootstrap>", line 1030, in _gcd_import
  File "<frozen importlib._bootstrap>", line 1007, in _find_and_load
  File "<frozen importlib._bootstrap>", line 986, in _find_and_load_unlocked
  File "<frozen importlib._bootstrap>", line 680, in _load_unlocked
  File "<frozen importlib._bootstrap_external>", line 790, in exec_module
  File "<frozen importlib._bootstrap>", line 228, in _call_with_frames_removed
  File "/home/genma/aunshop/core/backends.py", line 1, in <module>
    class PhoneBackend(ModelBackend):
NameError: name 'ModelBackend' is not defined
"GET /admin/login/?next=/admin/promotions/promotion/ HTTP/1.0" 500 150969
Internal Server Error: /admin/login/
Traceback (most recent call last):
  File "/home/genma/aunshop/venv/lib/python3.9/site-packages/django/core/handlers/exception.py", line 55, in inner
    response = get_response(request)
  File "/home/genma/aunshop/venv/lib/python3.9/site-packages/django/core/handlers/base.py", line 197, in _get_response
    response = wrapped_callback(request, *callback_args, **callback_kwargs)
  File "/home/genma/aunshop/venv/lib/python3.9/site-packages/django/utils/decorators.py", line 46, in _wrapper
    return bound_method(*args, **kwargs)
  File "/home/genma/aunshop/venv/lib/python3.9/site-packages/django/views/decorators/cache.py", line 62, in _wrapper_view_func
    response = view_func(request, *args, **kwargs)
  File "/home/genma/aunshop/venv/lib/python3.9/site-packages/django/contrib/admin/sites.py", line 422, in login
    **self.each_context(request),
  File "/home/genma/aunshop/venv/lib/python3.9/site-packages/django/contrib/admin/sites.py", line 337, in each_context
    "available_apps": self.get_app_list(request),
  File "/home/genma/aunshop/venv/lib/python3.9/site-packages/django/contrib/admin/sites.py", line 536, in get_app_list
    app_dict = self._build_app_dict(request, app_label)
  File "/home/genma/aunshop/venv/lib/python3.9/site-packages/django/contrib/admin/sites.py", line 478, in _build_app_dict
    has_module_perms = model_admin.has_module_permission(request)
  File "/home/genma/aunshop/venv/lib/python3.9/site-packages/django/contrib/admin/options.py", line 611, in has_module_permission
    return request.user.has_module_perms(self.opts.app_label)
  File "/home/genma/aunshop/venv/lib/python3.9/site-packages/django/contrib/auth/models.py", line 488, in has_module_perms
    return _user_has_module_perms(self, module)
  File "/home/genma/aunshop/venv/lib/python3.9/site-packages/django/contrib/auth/models.py", line 231, in _user_has_module_perms
    for backend in auth.get_backends():
  File "/home/genma/aunshop/venv/lib/python3.9/site-packages/django/contrib/auth/__init__.py", line 38, in get_backends
    return _get_backends(return_tuples=False)
  File "/home/genma/aunshop/venv/lib/python3.9/site-packages/django/contrib/auth/__init__.py", line 27, in _get_backends
    backend = load_backend(backend_path)
  File "/home/genma/aunshop/venv/lib/python3.9/site-packages/django/contrib/auth/__init__.py", line 21, in load_backend
    return import_string(path)()
  File "/home/genma/aunshop/venv/lib/python3.9/site-packages/django/utils/module_loading.py", line 30, in import_string
    return cached_import(module_path, class_name)
  File "/home/genma/aunshop/venv/lib/python3.9/site-packages/django/utils/module_loading.py", line 15, in cached_import
    module = import_module(module_path)
  File "/usr/lib/python3.9/importlib/__init__.py", line 127, in import_module
    return _bootstrap._gcd_import(name[level:], package, level)
  File "<frozen importlib._bootstrap>", line 1030, in _gcd_import
  File "<frozen importlib._bootstrap>", line 1007, in _find_and_load
  File "<frozen importlib._bootstrap>", line 986, in _find_and_load_unlocked
  File "<frozen importlib._bootstrap>", line 680, in _load_unlocked
  File "<frozen importlib._bootstrap_external>", line 790, in exec_module
  File "<frozen importlib._bootstrap>", line 228, in _call_with_frames_removed
  File "/home/genma/aunshop/core/backends.py", line 1, in <module>
    class PhoneBackend(ModelBackend):
NameError: name 'ModelBackend' is not defined
"GET /admin/login/?next=/admin/promotions/promotionimage/ HTTP/1.0" 500 150897
Internal Server Error: /admin/login/
Traceback (most recent call last):
  File "/home/genma/aunshop/venv/lib/python3.9/site-packages/django/core/handlers/exception.py", line 55, in inner
    response = get_response(request)
  File "/home/genma/aunshop/venv/lib/python3.9/site-packages/django/core/handlers/base.py", line 197, in _get_response
    response = wrapped_callback(request, *callback_args, **callback_kwargs)
  File "/home/genma/aunshop/venv/lib/python3.9/site-packages/django/utils/decorators.py", line 46, in _wrapper
    return bound_method(*args, **kwargs)
  File "/home/genma/aunshop/venv/lib/python3.9/site-packages/django/views/decorators/cache.py", line 62, in _wrapper_view_func
    response = view_func(request, *args, **kwargs)
  File "/home/genma/aunshop/venv/lib/python3.9/site-packages/django/contrib/admin/sites.py", line 422, in login
    **self.each_context(request),
  File "/home/genma/aunshop/venv/lib/python3.9/site-packages/django/contrib/admin/sites.py", line 337, in each_context
    "available_apps": self.get_app_list(request),
  File "/home/genma/aunshop/venv/lib/python3.9/site-packages/django/contrib/admin/sites.py", line 536, in get_app_list
    app_dict = self._build_app_dict(request, app_label)
  File "/home/genma/aunshop/venv/lib/python3.9/site-packages/django/contrib/admin/sites.py", line 478, in _build_app_dict
    has_module_perms = model_admin.has_module_permission(request)
  File "/home/genma/aunshop/venv/lib/python3.9/site-packages/django/contrib/admin/options.py", line 611, in has_module_permission
    return request.user.has_module_perms(self.opts.app_label)
  File "/home/genma/aunshop/venv/lib/python3.9/site-packages/django/contrib/auth/models.py", line 488, in has_module_perms
    return _user_has_module_perms(self, module)
  File "/home/genma/aunshop/venv/lib/python3.9/site-packages/django/contrib/auth/models.py", line 231, in _user_has_module_perms
    for backend in auth.get_backends():
  File "/home/genma/aunshop/venv/lib/python3.9/site-packages/django/contrib/auth/__init__.py", line 38, in get_backends
    return _get_backends(return_tuples=False)
  File "/home/genma/aunshop/venv/lib/python3.9/site-packages/django/contrib/auth/__init__.py", line 27, in _get_backends
    backend = load_backend(backend_path)
  File "/home/genma/aunshop/venv/lib/python3.9/site-packages/django/contrib/auth/__init__.py", line 21, in load_backend
    return import_string(path)()
  File "/home/genma/aunshop/venv/lib/python3.9/site-packages/django/utils/module_loading.py", line 30, in import_string
    return cached_import(module_path, class_name)
  File "/home/genma/aunshop/venv/lib/python3.9/site-packages/django/utils/module_loading.py", line 15, in cached_import
    module = import_module(module_path)
  File "/usr/lib/python3.9/importlib/__init__.py", line 127, in import_module
    return _bootstrap._gcd_import(name[level:], package, level)
  File "<frozen importlib._bootstrap>", line 1030, in _gcd_import
  File "<frozen importlib._bootstrap>", line 1007, in _find_and_load
  File "<frozen importlib._bootstrap>", line 986, in _find_and_load_unlocked
  File "<frozen importlib._bootstrap>", line 680, in _load_unlocked
  File "<frozen importlib._bootstrap_external>", line 790, in exec_module
  File "<frozen importlib._bootstrap>", line 228, in _call_with_frames_removed
  File "/home/genma/aunshop/core/backends.py", line 1, in <module>
    class PhoneBackend(ModelBackend):
NameError: name 'ModelBackend' is not defined
"GET /admin/login/?next=/admin/promotions/promotionimage/add/ HTTP/1.0" 500 150945
Internal Server Error: /admin/
Traceback (most recent call last):
  File "/home/genma/aunshop/venv/lib/python3.9/site-packages/django/core/handlers/exception.py", line 55, in inner
    response = get_response(request)
  File "/home/genma/aunshop/venv/lib/python3.9/site-packages/django/core/handlers/base.py", line 220, in _get_response
    response = response.render()
  File "/home/genma/aunshop/venv/lib/python3.9/site-packages/django/template/response.py", line 114, in render
    self.content = self.rendered_content
  File "/home/genma/aunshop/venv/lib/python3.9/site-packages/django/template/response.py", line 92, in rendered_content
    return template.render(context, self._request)
  File "/home/genma/aunshop/venv/lib/python3.9/site-packages/django/template/backends/django.py", line 61, in render
    return self.template.render(context)
  File "/home/genma/aunshop/venv/lib/python3.9/site-packages/django/template/base.py", line 175, in render
    return self._render(context)
  File "/home/genma/aunshop/venv/lib/python3.9/site-packages/django/template/base.py", line 167, in _render
    return self.nodelist.render(context)
  File "/home/genma/aunshop/venv/lib/python3.9/site-packages/django/template/base.py", line 1005, in render
    return SafeString("".join([node.render_annotated(context) for node in self]))
  File "/home/genma/aunshop/venv/lib/python3.9/site-packages/django/template/base.py", line 1005, in <listcomp>
    return SafeString("".join([node.render_annotated(context) for node in self]))
  File "/home/genma/aunshop/venv/lib/python3.9/site-packages/django/template/base.py", line 966, in render_annotated
    return self.render(context)
  File "/home/genma/aunshop/venv/lib/python3.9/site-packages/django/template/loader_tags.py", line 157, in render
    return compiled_parent._render(context)
  File "/home/genma/aunshop/venv/lib/python3.9/site-packages/django/template/base.py", line 167, in _render
    return self.nodelist.render(context)
  File "/home/genma/aunshop/venv/lib/python3.9/site-packages/django/template/base.py", line 1005, in render
    return SafeString("".join([node.render_annotated(context) for node in self]))
  File "/home/genma/aunshop/venv/lib/python3.9/site-packages/django/template/base.py", line 1005, in <listcomp>
    return SafeString("".join([node.render_annotated(context) for node in self]))
  File "/home/genma/aunshop/venv/lib/python3.9/site-packages/django/template/base.py", line 966, in render_annotated
    return self.render(context)
  File "/home/genma/aunshop/venv/lib/python3.9/site-packages/django/template/loader_tags.py", line 157, in render
    return compiled_parent._render(context)
  File "/home/genma/aunshop/venv/lib/python3.9/site-packages/django/template/base.py", line 167, in _render
    return self.nodelist.render(context)
  File "/home/genma/aunshop/venv/lib/python3.9/site-packages/django/template/base.py", line 1005, in render
    return SafeString("".join([node.render_annotated(context) for node in self]))
  File "/home/genma/aunshop/venv/lib/python3.9/site-packages/django/template/base.py", line 1005, in <listcomp>
    return SafeString("".join([node.render_annotated(context) for node in self]))
  File "/home/genma/aunshop/venv/lib/python3.9/site-packages/django/template/base.py", line 966, in render_annotated
    return self.render(context)
  File "/home/genma/aunshop/venv/lib/python3.9/site-packages/django/template/defaulttags.py", line 321, in render
    return nodelist.render(context)
  File "/home/genma/aunshop/venv/lib/python3.9/site-packages/django/template/base.py", line 1005, in render
    return SafeString("".join([node.render_annotated(context) for node in self]))
  File "/home/genma/aunshop/venv/lib/python3.9/site-packages/django/template/base.py", line 1005, in <listcomp>
    return SafeString("".join([node.render_annotated(context) for node in self]))
  File "/home/genma/aunshop/venv/lib/python3.9/site-packages/django/template/base.py", line 966, in render_annotated
    return self.render(context)
  File "/home/genma/aunshop/venv/lib/python3.9/site-packages/django/template/library.py", line 237, in render
    output = self.func(*resolved_args, **resolved_kwargs)
  File "/home/genma/aunshop/venv/lib/python3.9/site-packages/jazzmin/templatetags/jazzmin.py", line 112, in get_top_menu
    return make_menu(user, options.get("topmenu_links", []), options, allow_appmenus=True, admin_site=admin_site)
  File "/home/genma/aunshop/venv/lib/python3.9/site-packages/jazzmin/utils.py", line 164, in make_menu
    model_permissions = get_view_permissions(user)
  File "/home/genma/aunshop/venv/lib/python3.9/site-packages/jazzmin/utils.py", line 146, in get_view_permissions
    perms = user.get_all_permissions()
  File "/home/genma/aunshop/venv/lib/python3.9/site-packages/django/contrib/auth/models.py", line 296, in get_all_permissions
    return _user_get_permissions(self, obj, "all")
  File "/home/genma/aunshop/venv/lib/python3.9/site-packages/django/contrib/auth/models.py", line 206, in _user_get_permissions
    for backend in auth.get_backends():
  File "/home/genma/aunshop/venv/lib/python3.9/site-packages/django/contrib/auth/__init__.py", line 38, in get_backends
    return _get_backends(return_tuples=False)
  File "/home/genma/aunshop/venv/lib/python3.9/site-packages/django/contrib/auth/__init__.py", line 27, in _get_backends
    backend = load_backend(backend_path)
  File "/home/genma/aunshop/venv/lib/python3.9/site-packages/django/contrib/auth/__init__.py", line 21, in load_backend
    return import_string(path)()
  File "/home/genma/aunshop/venv/lib/python3.9/site-packages/django/utils/module_loading.py", line 30, in import_string
    return cached_import(module_path, class_name)
  File "/home/genma/aunshop/venv/lib/python3.9/site-packages/django/utils/module_loading.py", line 15, in cached_import
    module = import_module(module_path)
  File "/usr/lib/python3.9/importlib/__init__.py", line 127, in import_module
    return _bootstrap._gcd_import(name[level:], package, level)
  File "<frozen importlib._bootstrap>", line 1030, in _gcd_import
  File "<frozen importlib._bootstrap>", line 1007, in _find_and_load
  File "<frozen importlib._bootstrap>", line 986, in _find_and_load_unlocked
  File "<frozen importlib._bootstrap>", line 680, in _load_unlocked
  File "<frozen importlib._bootstrap_external>", line 790, in exec_module
  File "<frozen importlib._bootstrap>", line 228, in _call_with_frames_removed
  File "/home/genma/aunshop/core/backends.py", line 1, in <module>
    class PhoneBackend(ModelBackend):
NameError: name 'ModelBackend' is not defined
Internal Server Error: /admin/
Traceback (most recent call last):
  File "/home/genma/aunshop/venv/lib/python3.9/site-packages/django/core/handlers/exception.py", line 55, in inner
    response = get_response(request)
  File "/home/genma/aunshop/venv/lib/python3.9/site-packages/django/core/handlers/base.py", line 220, in _get_response
    response = response.render()
  File "/home/genma/aunshop/venv/lib/python3.9/site-packages/django/template/response.py", line 114, in render
    self.content = self.rendered_content
  File "/home/genma/aunshop/venv/lib/python3.9/site-packages/django/template/response.py", line 92, in rendered_content
    return template.render(context, self._request)
  File "/home/genma/aunshop/venv/lib/python3.9/site-packages/django/template/backends/django.py", line 61, in render
    return self.template.render(context)
  File "/home/genma/aunshop/venv/lib/python3.9/site-packages/django/template/base.py", line 175, in render
    return self._render(context)
  File "/home/genma/aunshop/venv/lib/python3.9/site-packages/django/template/base.py", line 167, in _render
    return self.nodelist.render(context)
  File "/home/genma/aunshop/venv/lib/python3.9/site-packages/django/template/base.py", line 1005, in render
    return SafeString("".join([node.render_annotated(context) for node in self]))
  File "/home/genma/aunshop/venv/lib/python3.9/site-packages/django/template/base.py", line 1005, in <listcomp>
    return SafeString("".join([node.render_annotated(context) for node in self]))
  File "/home/genma/aunshop/venv/lib/python3.9/site-packages/django/template/base.py", line 966, in render_annotated
    return self.render(context)
  File "/home/genma/aunshop/venv/lib/python3.9/site-packages/django/template/loader_tags.py", line 157, in render
    return compiled_parent._render(context)
  File "/home/genma/aunshop/venv/lib/python3.9/site-packages/django/template/base.py", line 167, in _render
    return self.nodelist.render(context)
  File "/home/genma/aunshop/venv/lib/python3.9/site-packages/django/template/base.py", line 1005, in render
    return SafeString("".join([node.render_annotated(context) for node in self]))
  File "/home/genma/aunshop/venv/lib/python3.9/site-packages/django/template/base.py", line 1005, in <listcomp>
    return SafeString("".join([node.render_annotated(context) for node in self]))
  File "/home/genma/aunshop/venv/lib/python3.9/site-packages/django/template/base.py", line 966, in render_annotated
    return self.render(context)
  File "/home/genma/aunshop/venv/lib/python3.9/site-packages/django/template/loader_tags.py", line 157, in render
    return compiled_parent._render(context)
  File "/home/genma/aunshop/venv/lib/python3.9/site-packages/django/template/base.py", line 167, in _render
    return self.nodelist.render(context)
  File "/home/genma/aunshop/venv/lib/python3.9/site-packages/django/template/base.py", line 1005, in render
    return SafeString("".join([node.render_annotated(context) for node in self]))
  File "/home/genma/aunshop/venv/lib/python3.9/site-packages/django/template/base.py", line 1005, in <listcomp>
    return SafeString("".join([node.render_annotated(context) for node in self]))
  File "/home/genma/aunshop/venv/lib/python3.9/site-packages/django/template/base.py", line 966, in render_annotated
    return self.render(context)
  File "/home/genma/aunshop/venv/lib/python3.9/site-packages/django/template/defaulttags.py", line 321, in render
    return nodelist.render(context)
  File "/home/genma/aunshop/venv/lib/python3.9/site-packages/django/template/base.py", line 1005, in render
    return SafeString("".join([node.render_annotated(context) for node in self]))
  File "/home/genma/aunshop/venv/lib/python3.9/site-packages/django/template/base.py", line 1005, in <listcomp>
    return SafeString("".join([node.render_annotated(context) for node in self]))
  File "/home/genma/aunshop/venv/lib/python3.9/site-packages/django/template/base.py", line 966, in render_annotated
    return self.render(context)
  File "/home/genma/aunshop/venv/lib/python3.9/site-packages/django/template/library.py", line 237, in render
    output = self.func(*resolved_args, **resolved_kwargs)
  File "/home/genma/aunshop/venv/lib/python3.9/site-packages/jazzmin/templatetags/jazzmin.py", line 112, in get_top_menu
    return make_menu(user, options.get("topmenu_links", []), options, allow_appmenus=True, admin_site=admin_site)
  File "/home/genma/aunshop/venv/lib/python3.9/site-packages/jazzmin/utils.py", line 164, in make_menu
    model_permissions = get_view_permissions(user)
  File "/home/genma/aunshop/venv/lib/python3.9/site-packages/jazzmin/utils.py", line 146, in get_view_permissions
    perms = user.get_all_permissions()
  File "/home/genma/aunshop/venv/lib/python3.9/site-packages/django/contrib/auth/models.py", line 296, in get_all_permissions
    return _user_get_permissions(self, obj, "all")
  File "/home/genma/aunshop/venv/lib/python3.9/site-packages/django/contrib/auth/models.py", line 206, in _user_get_permissions
    for backend in auth.get_backends():
  File "/home/genma/aunshop/venv/lib/python3.9/site-packages/django/contrib/auth/__init__.py", line 38, in get_backends
    return _get_backends(return_tuples=False)
  File "/home/genma/aunshop/venv/lib/python3.9/site-packages/django/contrib/auth/__init__.py", line 27, in _get_backends
    backend = load_backend(backend_path)
  File "/home/genma/aunshop/venv/lib/python3.9/site-packages/django/contrib/auth/__init__.py", line 21, in load_backend
    return import_string(path)()
  File "/home/genma/aunshop/venv/lib/python3.9/site-packages/django/utils/module_loading.py", line 30, in import_string
    return cached_import(module_path, class_name)
  File "/home/genma/aunshop/venv/lib/python3.9/site-packages/django/utils/module_loading.py", line 15, in cached_import
    module = import_module(module_path)
  File "/usr/lib/python3.9/importlib/__init__.py", line 127, in import_module
    return _bootstrap._gcd_import(name[level:], package, level)
  File "<frozen importlib._bootstrap>", line 1030, in _gcd_import
  File "<frozen importlib._bootstrap>", line 1007, in _find_and_load
  File "<frozen importlib._bootstrap>", line 986, in _find_and_load_unlocked
  File "<frozen importlib._bootstrap>", line 680, in _load_unlocked
  File "<frozen importlib._bootstrap_external>", line 790, in exec_module
  File "<frozen importlib._bootstrap>", line 228, in _call_with_frames_removed
  File "/home/genma/aunshop/core/backends.py", line 1, in <module>
    class PhoneBackend(ModelBackend):
NameError: name 'ModelBackend' is not defined
Internal Server Error: /admin/
Traceback (most recent call last):
  File "/home/genma/aunshop/venv/lib/python3.9/site-packages/django/core/handlers/exception.py", line 55, in inner
    response = get_response(request)
  File "/home/genma/aunshop/venv/lib/python3.9/site-packages/django/core/handlers/base.py", line 220, in _get_response
    response = response.render()
  File "/home/genma/aunshop/venv/lib/python3.9/site-packages/django/template/response.py", line 114, in render
    self.content = self.rendered_content
  File "/home/genma/aunshop/venv/lib/python3.9/site-packages/django/template/response.py", line 92, in rendered_content
    return template.render(context, self._request)
  File "/home/genma/aunshop/venv/lib/python3.9/site-packages/django/template/backends/django.py", line 61, in render
    return self.template.render(context)
  File "/home/genma/aunshop/venv/lib/python3.9/site-packages/django/template/base.py", line 175, in render
    return self._render(context)
  File "/home/genma/aunshop/venv/lib/python3.9/site-packages/django/template/base.py", line 167, in _render
    return self.nodelist.render(context)
  File "/home/genma/aunshop/venv/lib/python3.9/site-packages/django/template/base.py", line 1005, in render
    return SafeString("".join([node.render_annotated(context) for node in self]))
  File "/home/genma/aunshop/venv/lib/python3.9/site-packages/django/template/base.py", line 1005, in <listcomp>
    return SafeString("".join([node.render_annotated(context) for node in self]))
  File "/home/genma/aunshop/venv/lib/python3.9/site-packages/django/template/base.py", line 966, in render_annotated
    return self.render(context)
  File "/home/genma/aunshop/venv/lib/python3.9/site-packages/django/template/loader_tags.py", line 157, in render
    return compiled_parent._render(context)
  File "/home/genma/aunshop/venv/lib/python3.9/site-packages/django/template/base.py", line 167, in _render
    return self.nodelist.render(context)
  File "/home/genma/aunshop/venv/lib/python3.9/site-packages/django/template/base.py", line 1005, in render
    return SafeString("".join([node.render_annotated(context) for node in self]))
  File "/home/genma/aunshop/venv/lib/python3.9/site-packages/django/template/base.py", line 1005, in <listcomp>
    return SafeString("".join([node.render_annotated(context) for node in self]))
  File "/home/genma/aunshop/venv/lib/python3.9/site-packages/django/template/base.py", line 966, in render_annotated
    return self.render(context)
  File "/home/genma/aunshop/venv/lib/python3.9/site-packages/django/template/loader_tags.py", line 157, in render
    return compiled_parent._render(context)
  File "/home/genma/aunshop/venv/lib/python3.9/site-packages/django/template/base.py", line 167, in _render
    return self.nodelist.render(context)
  File "/home/genma/aunshop/venv/lib/python3.9/site-packages/django/template/base.py", line 1005, in render
    return SafeString("".join([node.render_annotated(context) for node in self]))
  File "/home/genma/aunshop/venv/lib/python3.9/site-packages/django/template/base.py", line 1005, in <listcomp>
    return SafeString("".join([node.render_annotated(context) for node in self]))
  File "/home/genma/aunshop/venv/lib/python3.9/site-packages/django/template/base.py", line 966, in render_annotated
    return self.render(context)
  File "/home/genma/aunshop/venv/lib/python3.9/site-packages/django/template/defaulttags.py", line 321, in render
    return nodelist.render(context)
  File "/home/genma/aunshop/venv/lib/python3.9/site-packages/django/template/base.py", line 1005, in render
    return SafeString("".join([node.render_annotated(context) for node in self]))
  File "/home/genma/aunshop/venv/lib/python3.9/site-packages/django/template/base.py", line 1005, in <listcomp>
    return SafeString("".join([node.render_annotated(context) for node in self]))
  File "/home/genma/aunshop/venv/lib/python3.9/site-packages/django/template/base.py", line 966, in render_annotated
    return self.render(context)
  File "/home/genma/aunshop/venv/lib/python3.9/site-packages/django/template/library.py", line 237, in render
    output = self.func(*resolved_args, **resolved_kwargs)
  File "/home/genma/aunshop/venv/lib/python3.9/site-packages/jazzmin/templatetags/jazzmin.py", line 112, in get_top_menu
    return make_menu(user, options.get("topmenu_links", []), options, allow_appmenus=True, admin_site=admin_site)
  File "/home/genma/aunshop/venv/lib/python3.9/site-packages/jazzmin/utils.py", line 164, in make_menu
    model_permissions = get_view_permissions(user)
  File "/home/genma/aunshop/venv/lib/python3.9/site-packages/jazzmin/utils.py", line 146, in get_view_permissions
    perms = user.get_all_permissions()
  File "/home/genma/aunshop/venv/lib/python3.9/site-packages/django/contrib/auth/models.py", line 296, in get_all_permissions
    return _user_get_permissions(self, obj, "all")
  File "/home/genma/aunshop/venv/lib/python3.9/site-packages/django/contrib/auth/models.py", line 206, in _user_get_permissions
    for backend in auth.get_backends():
  File "/home/genma/aunshop/venv/lib/python3.9/site-packages/django/contrib/auth/__init__.py", line 38, in get_backends
    return _get_backends(return_tuples=False)
  File "/home/genma/aunshop/venv/lib/python3.9/site-packages/django/contrib/auth/__init__.py", line 27, in _get_backends
    backend = load_backend(backend_path)
  File "/home/genma/aunshop/venv/lib/python3.9/site-packages/django/contrib/auth/__init__.py", line 21, in load_backend
    return import_string(path)()
  File "/home/genma/aunshop/venv/lib/python3.9/site-packages/django/utils/module_loading.py", line 30, in import_string
    return cached_import(module_path, class_name)
  File "/home/genma/aunshop/venv/lib/python3.9/site-packages/django/utils/module_loading.py", line 15, in cached_import
    module = import_module(module_path)
  File "/usr/lib/python3.9/importlib/__init__.py", line 127, in import_module
    return _bootstrap._gcd_import(name[level:], package, level)
  File "<frozen importlib._bootstrap>", line 1030, in _gcd_import
  File "<frozen importlib._bootstrap>", line 1007, in _find_and_load
  File "<frozen importlib._bootstrap>", line 986, in _find_and_load_unlocked
  File "<frozen importlib._bootstrap>", line 680, in _load_unlocked
  File "<frozen importlib._bootstrap_external>", line 790, in exec_module
  File "<frozen importlib._bootstrap>", line 228, in _call_with_frames_removed
  File "/home/genma/aunshop/core/backends.py", line 1, in <module>
    class PhoneBackend(ModelBackend):
NameError: name 'ModelBackend' is not defined
Internal Server Error: /admin/
Traceback (most recent call last):
  File "/home/genma/aunshop/venv/lib/python3.9/site-packages/django/core/handlers/exception.py", line 55, in inner
    response = get_response(request)
  File "/home/genma/aunshop/venv/lib/python3.9/site-packages/django/core/handlers/base.py", line 220, in _get_response
    response = response.render()
  File "/home/genma/aunshop/venv/lib/python3.9/site-packages/django/template/response.py", line 114, in render
    self.content = self.rendered_content
  File "/home/genma/aunshop/venv/lib/python3.9/site-packages/django/template/response.py", line 92, in rendered_content
    return template.render(context, self._request)
  File "/home/genma/aunshop/venv/lib/python3.9/site-packages/django/template/backends/django.py", line 61, in render
    return self.template.render(context)
  File "/home/genma/aunshop/venv/lib/python3.9/site-packages/django/template/base.py", line 175, in render
    return self._render(context)
  File "/home/genma/aunshop/venv/lib/python3.9/site-packages/django/template/base.py", line 167, in _render
    return self.nodelist.render(context)
  File "/home/genma/aunshop/venv/lib/python3.9/site-packages/django/template/base.py", line 1005, in render
    return SafeString("".join([node.render_annotated(context) for node in self]))
  File "/home/genma/aunshop/venv/lib/python3.9/site-packages/django/template/base.py", line 1005, in <listcomp>
    return SafeString("".join([node.render_annotated(context) for node in self]))
  File "/home/genma/aunshop/venv/lib/python3.9/site-packages/django/template/base.py", line 966, in render_annotated
    return self.render(context)
  File "/home/genma/aunshop/venv/lib/python3.9/site-packages/django/template/loader_tags.py", line 157, in render
    return compiled_parent._render(context)
  File "/home/genma/aunshop/venv/lib/python3.9/site-packages/django/template/base.py", line 167, in _render
    return self.nodelist.render(context)
  File "/home/genma/aunshop/venv/lib/python3.9/site-packages/django/template/base.py", line 1005, in render
    return SafeString("".join([node.render_annotated(context) for node in self]))
  File "/home/genma/aunshop/venv/lib/python3.9/site-packages/django/template/base.py", line 1005, in <listcomp>
    return SafeString("".join([node.render_annotated(context) for node in self]))
  File "/home/genma/aunshop/venv/lib/python3.9/site-packages/django/template/base.py", line 966, in render_annotated
    return self.render(context)
  File "/home/genma/aunshop/venv/lib/python3.9/site-packages/django/template/loader_tags.py", line 157, in render
    return compiled_parent._render(context)
  File "/home/genma/aunshop/venv/lib/python3.9/site-packages/django/template/base.py", line 167, in _render
    return self.nodelist.render(context)
  File "/home/genma/aunshop/venv/lib/python3.9/site-packages/django/template/base.py", line 1005, in render
    return SafeString("".join([node.render_annotated(context) for node in self]))
  File "/home/genma/aunshop/venv/lib/python3.9/site-packages/django/template/base.py", line 1005, in <listcomp>
    return SafeString("".join([node.render_annotated(context) for node in self]))
  File "/home/genma/aunshop/venv/lib/python3.9/site-packages/django/template/base.py", line 966, in render_annotated
    return self.render(context)
  File "/home/genma/aunshop/venv/lib/python3.9/site-packages/django/template/defaulttags.py", line 321, in render
    return nodelist.render(context)
  File "/home/genma/aunshop/venv/lib/python3.9/site-packages/django/template/base.py", line 1005, in render
    return SafeString("".join([node.render_annotated(context) for node in self]))
  File "/home/genma/aunshop/venv/lib/python3.9/site-packages/django/template/base.py", line 1005, in <listcomp>
    return SafeString("".join([node.render_annotated(context) for node in self]))
  File "/home/genma/aunshop/venv/lib/python3.9/site-packages/django/template/base.py", line 966, in render_annotated
    return self.render(context)
  File "/home/genma/aunshop/venv/lib/python3.9/site-packages/django/template/library.py", line 237, in render
    output = self.func(*resolved_args, **resolved_kwargs)
  File "/home/genma/aunshop/venv/lib/python3.9/site-packages/jazzmin/templatetags/jazzmin.py", line 112, in get_top_menu
    return make_menu(user, options.get("topmenu_links", []), options, allow_appmenus=True, admin_site=admin_site)
  File "/home/genma/aunshop/venv/lib/python3.9/site-packages/jazzmin/utils.py", line 164, in make_menu
    model_permissions = get_view_permissions(user)
  File "/home/genma/aunshop/venv/lib/python3.9/site-packages/jazzmin/utils.py", line 146, in get_view_permissions
    perms = user.get_all_permissions()
  File "/home/genma/aunshop/venv/lib/python3.9/site-packages/django/contrib/auth/models.py", line 296, in get_all_permissions
    return _user_get_permissions(self, obj, "all")
  File "/home/genma/aunshop/venv/lib/python3.9/site-packages/django/contrib/auth/models.py", line 206, in _user_get_permissions
    for backend in auth.get_backends():
  File "/home/genma/aunshop/venv/lib/python3.9/site-packages/django/contrib/auth/__init__.py", line 38, in get_backends
    return _get_backends(return_tuples=False)
  File "/home/genma/aunshop/venv/lib/python3.9/site-packages/django/contrib/auth/__init__.py", line 27, in _get_backends
    backend = load_backend(backend_path)
  File "/home/genma/aunshop/venv/lib/python3.9/site-packages/django/contrib/auth/__init__.py", line 21, in load_backend
    return import_string(path)()
  File "/home/genma/aunshop/venv/lib/python3.9/site-packages/django/utils/module_loading.py", line 30, in import_string
    return cached_import(module_path, class_name)
  File "/home/genma/aunshop/venv/lib/python3.9/site-packages/django/utils/module_loading.py", line 15, in cached_import
    module = import_module(module_path)
  File "/usr/lib/python3.9/importlib/__init__.py", line 127, in import_module
    return _bootstrap._gcd_import(name[level:], package, level)
  File "<frozen importlib._bootstrap>", line 1030, in _gcd_import
  File "<frozen importlib._bootstrap>", line 1007, in _find_and_load
  File "<frozen importlib._bootstrap>", line 986, in _find_and_load_unlocked
  File "<frozen importlib._bootstrap>", line 680, in _load_unlocked
  File "<frozen importlib._bootstrap_external>", line 790, in exec_module
  File "<frozen importlib._bootstrap>", line 228, in _call_with_frames_removed
  File "/home/genma/aunshop/core/backends.py", line 1, in <module>
    class PhoneBackend(ModelBackend):
NameError: name 'ModelBackend' is not defined
Invalid HTTP_HOST header: '90.151.171.106:443'. You may need to add '90.151.171.106' to ALLOWED_HOSTS.
Traceback (most recent call last):
  File "/home/genma/aunshop/venv/lib/python3.9/site-packages/django/core/handlers/exception.py", line 55, in inner
    response = get_response(request)
  File "/home/genma/aunshop/venv/lib/python3.9/site-packages/django/utils/deprecation.py", line 133, in __call__
    response = self.process_request(request)
  File "/home/genma/aunshop/venv/lib/python3.9/site-packages/django/middleware/common.py", line 48, in process_request
    host = request.get_host()
  File "/home/genma/aunshop/venv/lib/python3.9/site-packages/django/http/request.py", line 150, in get_host
    raise DisallowedHost(msg)
django.core.exceptions.DisallowedHost: Invalid HTTP_HOST header: '90.151.171.106:443'. You may need to add '90.151.171.106' to ALLOWED_HOSTS.
Invalid HTTP_HOST header: '90.151.171.106'. You may need to add '90.151.171.106' to ALLOWED_HOSTS.
Traceback (most recent call last):
  File "/home/genma/aunshop/venv/lib/python3.9/site-packages/django/core/handlers/exception.py", line 55, in inner
    response = get_response(request)
  File "/home/genma/aunshop/venv/lib/python3.9/site-packages/django/utils/deprecation.py", line 133, in __call__
    response = self.process_request(request)
  File "/home/genma/aunshop/venv/lib/python3.9/site-packages/django/middleware/common.py", line 48, in process_request
    host = request.get_host()
  File "/home/genma/aunshop/venv/lib/python3.9/site-packages/django/http/request.py", line 150, in get_host
    raise DisallowedHost(msg)
django.core.exceptions.DisallowedHost: Invalid HTTP_HOST header: '90.151.171.106'. You may need to add '90.151.171.106' to ALLOWED_HOSTS.
Invalid HTTP_HOST header: '/run/gunicorn-dev.sock:'. The domain name provided is not valid according to RFC 1034/1035.
Traceback (most recent call last):
  File "/home/genma/aunshop/venv/lib/python3.9/site-packages/django/core/handlers/exception.py", line 55, in inner
    response = get_response(request)
  File "/home/genma/aunshop/venv/lib/python3.9/site-packages/django/utils/deprecation.py", line 133, in __call__
    response = self.process_request(request)
  File "/home/genma/aunshop/venv/lib/python3.9/site-packages/django/middleware/common.py", line 48, in process_request
    host = request.get_host()
  File "/home/genma/aunshop/venv/lib/python3.9/site-packages/django/http/request.py", line 150, in get_host
    raise DisallowedHost(msg)
django.core.exceptions.DisallowedHost: Invalid HTTP_HOST header: '/run/gunicorn-dev.sock:'. The domain name provided is not valid according to RFC 1034/1035.
Internal Server Error: /admin/users/customuser/1/change/
Traceback (most recent call last):
  File "/home/genma/aunshop/venv/lib/python3.9/site-packages/django/core/handlers/exception.py", line 55, in inner
    response = get_response(request)
  File "/home/genma/aunshop/venv/lib/python3.9/site-packages/django/core/handlers/base.py", line 220, in _get_response
    response = response.render()
  File "/home/genma/aunshop/venv/lib/python3.9/site-packages/django/template/response.py", line 114, in render
    self.content = self.rendered_content
  File "/home/genma/aunshop/venv/lib/python3.9/site-packages/django/template/response.py", line 92, in rendered_content
    return template.render(context, self._request)
  File "/home/genma/aunshop/venv/lib/python3.9/site-packages/django/template/backends/django.py", line 61, in render
    return self.template.render(context)
  File "/home/genma/aunshop/venv/lib/python3.9/site-packages/django/template/base.py", line 175, in render
    return self._render(context)
  File "/home/genma/aunshop/venv/lib/python3.9/site-packages/django/template/base.py", line 167, in _render
    return self.nodelist.render(context)
  File "/home/genma/aunshop/venv/lib/python3.9/site-packages/django/template/base.py", line 1005, in render
    return SafeString("".join([node.render_annotated(context) for node in self]))
  File "/home/genma/aunshop/venv/lib/python3.9/site-packages/django/template/base.py", line 1005, in <listcomp>
    return SafeString("".join([node.render_annotated(context) for node in self]))
  File "/home/genma/aunshop/venv/lib/python3.9/site-packages/django/template/base.py", line 966, in render_annotated
    return self.render(context)
  File "/home/genma/aunshop/venv/lib/python3.9/site-packages/django/template/loader_tags.py", line 157, in render
    return compiled_parent._render(context)
  File "/home/genma/aunshop/venv/lib/python3.9/site-packages/django/template/base.py", line 167, in _render
    return self.nodelist.render(context)
  File "/home/genma/aunshop/venv/lib/python3.9/site-packages/django/template/base.py", line 1005, in render
    return SafeString("".join([node.render_annotated(context) for node in self]))
  File "/home/genma/aunshop/venv/lib/python3.9/site-packages/django/template/base.py", line 1005, in <listcomp>
    return SafeString("".join([node.render_annotated(context) for node in self]))
  File "/home/genma/aunshop/venv/lib/python3.9/site-packages/django/template/base.py", line 966, in render_annotated
    return self.render(context)
  File "/home/genma/aunshop/venv/lib/python3.9/site-packages/django/template/loader_tags.py", line 157, in render
    return compiled_parent._render(context)
  File "/home/genma/aunshop/venv/lib/python3.9/site-packages/django/template/base.py", line 167, in _render
    return self.nodelist.render(context)
  File "/home/genma/aunshop/venv/lib/python3.9/site-packages/django/template/base.py", line 1005, in render
    return SafeString("".join([node.render_annotated(context) for node in self]))
  File "/home/genma/aunshop/venv/lib/python3.9/site-packages/django/template/base.py", line 1005, in <listcomp>
    return SafeString("".join([node.render_annotated(context) for node in self]))
  File "/home/genma/aunshop/venv/lib/python3.9/site-packages/django/template/base.py", line 966, in render_annotated
    return self.render(context)
  File "/home/genma/aunshop/venv/lib/python3.9/site-packages/django/template/defaulttags.py", line 321, in render
    return nodelist.render(context)
  File "/home/genma/aunshop/venv/lib/python3.9/site-packages/django/template/base.py", line 1005, in render
    return SafeString("".join([node.render_annotated(context) for node in self]))
  File "/home/genma/aunshop/venv/lib/python3.9/site-packages/django/template/base.py", line 1005, in <listcomp>
    return SafeString("".join([node.render_annotated(context) for node in self]))
  File "/home/genma/aunshop/venv/lib/python3.9/site-packages/django/template/base.py", line 966, in render_annotated
    return self.render(context)
  File "/home/genma/aunshop/venv/lib/python3.9/site-packages/django/template/library.py", line 237, in render
    output = self.func(*resolved_args, **resolved_kwargs)
  File "/home/genma/aunshop/venv/lib/python3.9/site-packages/jazzmin/templatetags/jazzmin.py", line 112, in get_top_menu
    return make_menu(user, options.get("topmenu_links", []), options, allow_appmenus=True, admin_site=admin_site)
  File "/home/genma/aunshop/venv/lib/python3.9/site-packages/jazzmin/utils.py", line 164, in make_menu
    model_permissions = get_view_permissions(user)
  File "/home/genma/aunshop/venv/lib/python3.9/site-packages/jazzmin/utils.py", line 146, in get_view_permissions
    perms = user.get_all_permissions()
  File "/home/genma/aunshop/venv/lib/python3.9/site-packages/django/contrib/auth/models.py", line 296, in get_all_permissions
    return _user_get_permissions(self, obj, "all")
  File "/home/genma/aunshop/venv/lib/python3.9/site-packages/django/contrib/auth/models.py", line 206, in _user_get_permissions
    for backend in auth.get_backends():
  File "/home/genma/aunshop/venv/lib/python3.9/site-packages/django/contrib/auth/__init__.py", line 38, in get_backends
    return _get_backends(return_tuples=False)
  File "/home/genma/aunshop/venv/lib/python3.9/site-packages/django/contrib/auth/__init__.py", line 27, in _get_backends
    backend = load_backend(backend_path)
  File "/home/genma/aunshop/venv/lib/python3.9/site-packages/django/contrib/auth/__init__.py", line 21, in load_backend
    return import_string(path)()
  File "/home/genma/aunshop/venv/lib/python3.9/site-packages/django/utils/module_loading.py", line 30, in import_string
    return cached_import(module_path, class_name)
  File "/home/genma/aunshop/venv/lib/python3.9/site-packages/django/utils/module_loading.py", line 15, in cached_import
    module = import_module(module_path)
  File "/usr/lib/python3.9/importlib/__init__.py", line 127, in import_module
    return _bootstrap._gcd_import(name[level:], package, level)
  File "<frozen importlib._bootstrap>", line 1030, in _gcd_import
  File "<frozen importlib._bootstrap>", line 1007, in _find_and_load
  File "<frozen importlib._bootstrap>", line 984, in _find_and_load_unlocked
ModuleNotFoundError: No module named 'users.authentication'
Internal Server Error: /admin/
Traceback (most recent call last):
  File "/home/genma/aunshop/venv/lib/python3.9/site-packages/django/core/handlers/exception.py", line 55, in inner
    response = get_response(request)
  File "/home/genma/aunshop/venv/lib/python3.9/site-packages/django/core/handlers/base.py", line 220, in _get_response
    response = response.render()
  File "/home/genma/aunshop/venv/lib/python3.9/site-packages/django/template/response.py", line 114, in render
    self.content = self.rendered_content
  File "/home/genma/aunshop/venv/lib/python3.9/site-packages/django/template/response.py", line 92, in rendered_content
    return template.render(context, self._request)
  File "/home/genma/aunshop/venv/lib/python3.9/site-packages/django/template/backends/django.py", line 61, in render
    return self.template.render(context)
  File "/home/genma/aunshop/venv/lib/python3.9/site-packages/django/template/base.py", line 175, in render
    return self._render(context)
  File "/home/genma/aunshop/venv/lib/python3.9/site-packages/django/template/base.py", line 167, in _render
    return self.nodelist.render(context)
  File "/home/genma/aunshop/venv/lib/python3.9/site-packages/django/template/base.py", line 1005, in render
    return SafeString("".join([node.render_annotated(context) for node in self]))
  File "/home/genma/aunshop/venv/lib/python3.9/site-packages/django/template/base.py", line 1005, in <listcomp>
    return SafeString("".join([node.render_annotated(context) for node in self]))
  File "/home/genma/aunshop/venv/lib/python3.9/site-packages/django/template/base.py", line 966, in render_annotated
    return self.render(context)
  File "/home/genma/aunshop/venv/lib/python3.9/site-packages/django/template/loader_tags.py", line 157, in render
    return compiled_parent._render(context)
  File "/home/genma/aunshop/venv/lib/python3.9/site-packages/django/template/base.py", line 167, in _render
    return self.nodelist.render(context)
  File "/home/genma/aunshop/venv/lib/python3.9/site-packages/django/template/base.py", line 1005, in render
    return SafeString("".join([node.render_annotated(context) for node in self]))
  File "/home/genma/aunshop/venv/lib/python3.9/site-packages/django/template/base.py", line 1005, in <listcomp>
    return SafeString("".join([node.render_annotated(context) for node in self]))
  File "/home/genma/aunshop/venv/lib/python3.9/site-packages/django/template/base.py", line 966, in render_annotated
    return self.render(context)
  File "/home/genma/aunshop/venv/lib/python3.9/site-packages/django/template/loader_tags.py", line 157, in render
    return compiled_parent._render(context)
  File "/home/genma/aunshop/venv/lib/python3.9/site-packages/django/template/base.py", line 167, in _render
    return self.nodelist.render(context)
  File "/home/genma/aunshop/venv/lib/python3.9/site-packages/django/template/base.py", line 1005, in render
    return SafeString("".join([node.render_annotated(context) for node in self]))
  File "/home/genma/aunshop/venv/lib/python3.9/site-packages/django/template/base.py", line 1005, in <listcomp>
    return SafeString("".join([node.render_annotated(context) for node in self]))
  File "/home/genma/aunshop/venv/lib/python3.9/site-packages/django/template/base.py", line 966, in render_annotated
    return self.render(context)
  File "/home/genma/aunshop/venv/lib/python3.9/site-packages/django/template/defaulttags.py", line 321, in render
    return nodelist.render(context)
  File "/home/genma/aunshop/venv/lib/python3.9/site-packages/django/template/base.py", line 1005, in render
    return SafeString("".join([node.render_annotated(context) for node in self]))
  File "/home/genma/aunshop/venv/lib/python3.9/site-packages/django/template/base.py", line 1005, in <listcomp>
    return SafeString("".join([node.render_annotated(context) for node in self]))
  File "/home/genma/aunshop/venv/lib/python3.9/site-packages/django/template/base.py", line 966, in render_annotated
    return self.render(context)
  File "/home/genma/aunshop/venv/lib/python3.9/site-packages/django/template/library.py", line 237, in render
    output = self.func(*resolved_args, **resolved_kwargs)
  File "/home/genma/aunshop/venv/lib/python3.9/site-packages/jazzmin/templatetags/jazzmin.py", line 112, in get_top_menu
    return make_menu(user, options.get("topmenu_links", []), options, allow_appmenus=True, admin_site=admin_site)
  File "/home/genma/aunshop/venv/lib/python3.9/site-packages/jazzmin/utils.py", line 164, in make_menu
    model_permissions = get_view_permissions(user)
  File "/home/genma/aunshop/venv/lib/python3.9/site-packages/jazzmin/utils.py", line 146, in get_view_permissions
    perms = user.get_all_permissions()
  File "/home/genma/aunshop/venv/lib/python3.9/site-packages/django/contrib/auth/models.py", line 296, in get_all_permissions
    return _user_get_permissions(self, obj, "all")
  File "/home/genma/aunshop/venv/lib/python3.9/site-packages/django/contrib/auth/models.py", line 206, in _user_get_permissions
    for backend in auth.get_backends():
  File "/home/genma/aunshop/venv/lib/python3.9/site-packages/django/contrib/auth/__init__.py", line 38, in get_backends
    return _get_backends(return_tuples=False)
  File "/home/genma/aunshop/venv/lib/python3.9/site-packages/django/contrib/auth/__init__.py", line 27, in _get_backends
    backend = load_backend(backend_path)
  File "/home/genma/aunshop/venv/lib/python3.9/site-packages/django/contrib/auth/__init__.py", line 21, in load_backend
    return import_string(path)()
  File "/home/genma/aunshop/venv/lib/python3.9/site-packages/django/utils/module_loading.py", line 30, in import_string
    return cached_import(module_path, class_name)
  File "/home/genma/aunshop/venv/lib/python3.9/site-packages/django/utils/module_loading.py", line 15, in cached_import
    module = import_module(module_path)
  File "/usr/lib/python3.9/importlib/__init__.py", line 127, in import_module
    return _bootstrap._gcd_import(name[level:], package, level)
  File "<frozen importlib._bootstrap>", line 1030, in _gcd_import
  File "<frozen importlib._bootstrap>", line 1007, in _find_and_load
  File "<frozen importlib._bootstrap>", line 984, in _find_and_load_unlocked
ModuleNotFoundError: No module named 'users.authentication'
Internal Server Error: /admin/login/
Traceback (most recent call last):
  File "/home/genma/aunshop/venv/lib/python3.9/site-packages/django/core/handlers/exception.py", line 55, in inner
    response = get_response(request)
  File "/home/genma/aunshop/venv/lib/python3.9/site-packages/django/core/handlers/base.py", line 197, in _get_response
    response = wrapped_callback(request, *callback_args, **callback_kwargs)
  File "/home/genma/aunshop/venv/lib/python3.9/site-packages/django/utils/decorators.py", line 46, in _wrapper
    return bound_method(*args, **kwargs)
  File "/home/genma/aunshop/venv/lib/python3.9/site-packages/django/views/decorators/cache.py", line 62, in _wrapper_view_func
    response = view_func(request, *args, **kwargs)
  File "/home/genma/aunshop/venv/lib/python3.9/site-packages/django/contrib/admin/sites.py", line 422, in login
    **self.each_context(request),
  File "/home/genma/aunshop/venv/lib/python3.9/site-packages/django/contrib/admin/sites.py", line 337, in each_context
    "available_apps": self.get_app_list(request),
  File "/home/genma/aunshop/venv/lib/python3.9/site-packages/django/contrib/admin/sites.py", line 536, in get_app_list
    app_dict = self._build_app_dict(request, app_label)
  File "/home/genma/aunshop/venv/lib/python3.9/site-packages/django/contrib/admin/sites.py", line 478, in _build_app_dict
    has_module_perms = model_admin.has_module_permission(request)
  File "/home/genma/aunshop/venv/lib/python3.9/site-packages/django/contrib/admin/options.py", line 611, in has_module_permission
    return request.user.has_module_perms(self.opts.app_label)
  File "/home/genma/aunshop/venv/lib/python3.9/site-packages/django/contrib/auth/models.py", line 488, in has_module_perms
    return _user_has_module_perms(self, module)
  File "/home/genma/aunshop/venv/lib/python3.9/site-packages/django/contrib/auth/models.py", line 231, in _user_has_module_perms
    for backend in auth.get_backends():
  File "/home/genma/aunshop/venv/lib/python3.9/site-packages/django/contrib/auth/__init__.py", line 38, in get_backends
    return _get_backends(return_tuples=False)
  File "/home/genma/aunshop/venv/lib/python3.9/site-packages/django/contrib/auth/__init__.py", line 27, in _get_backends
    backend = load_backend(backend_path)
  File "/home/genma/aunshop/venv/lib/python3.9/site-packages/django/contrib/auth/__init__.py", line 21, in load_backend
    return import_string(path)()
  File "/home/genma/aunshop/venv/lib/python3.9/site-packages/django/utils/module_loading.py", line 30, in import_string
    return cached_import(module_path, class_name)
  File "/home/genma/aunshop/venv/lib/python3.9/site-packages/django/utils/module_loading.py", line 15, in cached_import
    module = import_module(module_path)
  File "/usr/lib/python3.9/importlib/__init__.py", line 127, in import_module
    return _bootstrap._gcd_import(name[level:], package, level)
  File "<frozen importlib._bootstrap>", line 1030, in _gcd_import
  File "<frozen importlib._bootstrap>", line 1007, in _find_and_load
  File "<frozen importlib._bootstrap>", line 984, in _find_and_load_unlocked
ModuleNotFoundError: No module named 'users.authentication'
Internal Server Error: /admin/login/
Traceback (most recent call last):
  File "/home/genma/aunshop/venv/lib/python3.9/site-packages/django/core/handlers/exception.py", line 55, in inner
    response = get_response(request)
  File "/home/genma/aunshop/venv/lib/python3.9/site-packages/django/core/handlers/base.py", line 197, in _get_response
    response = wrapped_callback(request, *callback_args, **callback_kwargs)
  File "/home/genma/aunshop/venv/lib/python3.9/site-packages/django/utils/decorators.py", line 46, in _wrapper
    return bound_method(*args, **kwargs)
  File "/home/genma/aunshop/venv/lib/python3.9/site-packages/django/views/decorators/cache.py", line 62, in _wrapper_view_func
    response = view_func(request, *args, **kwargs)
  File "/home/genma/aunshop/venv/lib/python3.9/site-packages/django/contrib/admin/sites.py", line 422, in login
    **self.each_context(request),
  File "/home/genma/aunshop/venv/lib/python3.9/site-packages/django/contrib/admin/sites.py", line 337, in each_context
    "available_apps": self.get_app_list(request),
  File "/home/genma/aunshop/venv/lib/python3.9/site-packages/django/contrib/admin/sites.py", line 536, in get_app_list
    app_dict = self._build_app_dict(request, app_label)
  File "/home/genma/aunshop/venv/lib/python3.9/site-packages/django/contrib/admin/sites.py", line 478, in _build_app_dict
    has_module_perms = model_admin.has_module_permission(request)
  File "/home/genma/aunshop/venv/lib/python3.9/site-packages/django/contrib/admin/options.py", line 611, in has_module_permission
    return request.user.has_module_perms(self.opts.app_label)
  File "/home/genma/aunshop/venv/lib/python3.9/site-packages/django/contrib/auth/models.py", line 488, in has_module_perms
    return _user_has_module_perms(self, module)
  File "/home/genma/aunshop/venv/lib/python3.9/site-packages/django/contrib/auth/models.py", line 231, in _user_has_module_perms
    for backend in auth.get_backends():
  File "/home/genma/aunshop/venv/lib/python3.9/site-packages/django/contrib/auth/__init__.py", line 38, in get_backends
    return _get_backends(return_tuples=False)
  File "/home/genma/aunshop/venv/lib/python3.9/site-packages/django/contrib/auth/__init__.py", line 27, in _get_backends
    backend = load_backend(backend_path)
  File "/home/genma/aunshop/venv/lib/python3.9/site-packages/django/contrib/auth/__init__.py", line 21, in load_backend
    return import_string(path)()
  File "/home/genma/aunshop/venv/lib/python3.9/site-packages/django/utils/module_loading.py", line 30, in import_string
    return cached_import(module_path, class_name)
  File "/home/genma/aunshop/venv/lib/python3.9/site-packages/django/utils/module_loading.py", line 15, in cached_import
    module = import_module(module_path)
  File "/usr/lib/python3.9/importlib/__init__.py", line 127, in import_module
    return _bootstrap._gcd_import(name[level:], package, level)
  File "<frozen importlib._bootstrap>", line 1030, in _gcd_import
  File "<frozen importlib._bootstrap>", line 1007, in _find_and_load
  File "<frozen importlib._bootstrap>", line 984, in _find_and_load_unlocked
ModuleNotFoundError: No module named 'users.authentication'
Internal Server Error: /admin/login/
Traceback (most recent call last):
  File "/home/genma/aunshop/venv/lib/python3.9/site-packages/django/core/handlers/exception.py", line 55, in inner
    response = get_response(request)
  File "/home/genma/aunshop/venv/lib/python3.9/site-packages/django/core/handlers/base.py", line 197, in _get_response
    response = wrapped_callback(request, *callback_args, **callback_kwargs)
  File "/home/genma/aunshop/venv/lib/python3.9/site-packages/django/utils/decorators.py", line 46, in _wrapper
    return bound_method(*args, **kwargs)
  File "/home/genma/aunshop/venv/lib/python3.9/site-packages/django/views/decorators/cache.py", line 62, in _wrapper_view_func
    response = view_func(request, *args, **kwargs)
  File "/home/genma/aunshop/venv/lib/python3.9/site-packages/django/contrib/admin/sites.py", line 422, in login
    **self.each_context(request),
  File "/home/genma/aunshop/venv/lib/python3.9/site-packages/django/contrib/admin/sites.py", line 337, in each_context
    "available_apps": self.get_app_list(request),
  File "/home/genma/aunshop/venv/lib/python3.9/site-packages/django/contrib/admin/sites.py", line 536, in get_app_list
    app_dict = self._build_app_dict(request, app_label)
  File "/home/genma/aunshop/venv/lib/python3.9/site-packages/django/contrib/admin/sites.py", line 478, in _build_app_dict
    has_module_perms = model_admin.has_module_permission(request)
  File "/home/genma/aunshop/venv/lib/python3.9/site-packages/django/contrib/admin/options.py", line 611, in has_module_permission
    return request.user.has_module_perms(self.opts.app_label)
  File "/home/genma/aunshop/venv/lib/python3.9/site-packages/django/contrib/auth/models.py", line 488, in has_module_perms
    return _user_has_module_perms(self, module)
  File "/home/genma/aunshop/venv/lib/python3.9/site-packages/django/contrib/auth/models.py", line 231, in _user_has_module_perms
    for backend in auth.get_backends():
  File "/home/genma/aunshop/venv/lib/python3.9/site-packages/django/contrib/auth/__init__.py", line 38, in get_backends
    return _get_backends(return_tuples=False)
  File "/home/genma/aunshop/venv/lib/python3.9/site-packages/django/contrib/auth/__init__.py", line 27, in _get_backends
    backend = load_backend(backend_path)
  File "/home/genma/aunshop/venv/lib/python3.9/site-packages/django/contrib/auth/__init__.py", line 21, in load_backend
    return import_string(path)()
  File "/home/genma/aunshop/venv/lib/python3.9/site-packages/django/utils/module_loading.py", line 30, in import_string
    return cached_import(module_path, class_name)
  File "/home/genma/aunshop/venv/lib/python3.9/site-packages/django/utils/module_loading.py", line 15, in cached_import
    module = import_module(module_path)
  File "/usr/lib/python3.9/importlib/__init__.py", line 127, in import_module
    return _bootstrap._gcd_import(name[level:], package, level)
  File "<frozen importlib._bootstrap>", line 1030, in _gcd_import
  File "<frozen importlib._bootstrap>", line 1007, in _find_and_load
  File "<frozen importlib._bootstrap>", line 984, in _find_and_load_unlocked
ModuleNotFoundError: No module named 'users.authentication'
Internal Server Error: /admin/login/
Traceback (most recent call last):
  File "/home/genma/aunshop/venv/lib/python3.9/site-packages/django/core/handlers/exception.py", line 55, in inner
    response = get_response(request)
  File "/home/genma/aunshop/venv/lib/python3.9/site-packages/django/core/handlers/base.py", line 197, in _get_response
    response = wrapped_callback(request, *callback_args, **callback_kwargs)
  File "/home/genma/aunshop/venv/lib/python3.9/site-packages/django/utils/decorators.py", line 46, in _wrapper
    return bound_method(*args, **kwargs)
  File "/home/genma/aunshop/venv/lib/python3.9/site-packages/django/views/decorators/cache.py", line 62, in _wrapper_view_func
    response = view_func(request, *args, **kwargs)
  File "/home/genma/aunshop/venv/lib/python3.9/site-packages/django/contrib/admin/sites.py", line 422, in login
    **self.each_context(request),
  File "/home/genma/aunshop/venv/lib/python3.9/site-packages/django/contrib/admin/sites.py", line 337, in each_context
    "available_apps": self.get_app_list(request),
  File "/home/genma/aunshop/venv/lib/python3.9/site-packages/django/contrib/admin/sites.py", line 536, in get_app_list
    app_dict = self._build_app_dict(request, app_label)
  File "/home/genma/aunshop/venv/lib/python3.9/site-packages/django/contrib/admin/sites.py", line 478, in _build_app_dict
    has_module_perms = model_admin.has_module_permission(request)
  File "/home/genma/aunshop/venv/lib/python3.9/site-packages/django/contrib/admin/options.py", line 611, in has_module_permission
    return request.user.has_module_perms(self.opts.app_label)
  File "/home/genma/aunshop/venv/lib/python3.9/site-packages/django/contrib/auth/models.py", line 488, in has_module_perms
    return _user_has_module_perms(self, module)
  File "/home/genma/aunshop/venv/lib/python3.9/site-packages/django/contrib/auth/models.py", line 231, in _user_has_module_perms
    for backend in auth.get_backends():
  File "/home/genma/aunshop/venv/lib/python3.9/site-packages/django/contrib/auth/__init__.py", line 38, in get_backends
    return _get_backends(return_tuples=False)
  File "/home/genma/aunshop/venv/lib/python3.9/site-packages/django/contrib/auth/__init__.py", line 27, in _get_backends
    backend = load_backend(backend_path)
  File "/home/genma/aunshop/venv/lib/python3.9/site-packages/django/contrib/auth/__init__.py", line 21, in load_backend
    return import_string(path)()
  File "/home/genma/aunshop/venv/lib/python3.9/site-packages/django/utils/module_loading.py", line 30, in import_string
    return cached_import(module_path, class_name)
  File "/home/genma/aunshop/venv/lib/python3.9/site-packages/django/utils/module_loading.py", line 15, in cached_import
    module = import_module(module_path)
  File "/usr/lib/python3.9/importlib/__init__.py", line 127, in import_module
    return _bootstrap._gcd_import(name[level:], package, level)
  File "<frozen importlib._bootstrap>", line 1030, in _gcd_import
  File "<frozen importlib._bootstrap>", line 1007, in _find_and_load
  File "<frozen importlib._bootstrap>", line 984, in _find_and_load_unlocked
ModuleNotFoundError: No module named 'users.authentication'
Internal Server Error: /admin/login/
Traceback (most recent call last):
  File "/home/genma/aunshop/venv/lib/python3.9/site-packages/django/core/handlers/exception.py", line 55, in inner
    response = get_response(request)
  File "/home/genma/aunshop/venv/lib/python3.9/site-packages/django/core/handlers/base.py", line 197, in _get_response
    response = wrapped_callback(request, *callback_args, **callback_kwargs)
  File "/home/genma/aunshop/venv/lib/python3.9/site-packages/django/utils/decorators.py", line 46, in _wrapper
    return bound_method(*args, **kwargs)
  File "/home/genma/aunshop/venv/lib/python3.9/site-packages/django/views/decorators/cache.py", line 62, in _wrapper_view_func
    response = view_func(request, *args, **kwargs)
  File "/home/genma/aunshop/venv/lib/python3.9/site-packages/django/contrib/admin/sites.py", line 422, in login
    **self.each_context(request),
  File "/home/genma/aunshop/venv/lib/python3.9/site-packages/django/contrib/admin/sites.py", line 337, in each_context
    "available_apps": self.get_app_list(request),
  File "/home/genma/aunshop/venv/lib/python3.9/site-packages/django/contrib/admin/sites.py", line 536, in get_app_list
    app_dict = self._build_app_dict(request, app_label)
  File "/home/genma/aunshop/venv/lib/python3.9/site-packages/django/contrib/admin/sites.py", line 478, in _build_app_dict
    has_module_perms = model_admin.has_module_permission(request)
  File "/home/genma/aunshop/venv/lib/python3.9/site-packages/django/contrib/admin/options.py", line 611, in has_module_permission
    return request.user.has_module_perms(self.opts.app_label)
  File "/home/genma/aunshop/venv/lib/python3.9/site-packages/django/contrib/auth/models.py", line 488, in has_module_perms
    return _user_has_module_perms(self, module)
  File "/home/genma/aunshop/venv/lib/python3.9/site-packages/django/contrib/auth/models.py", line 231, in _user_has_module_perms
    for backend in auth.get_backends():
  File "/home/genma/aunshop/venv/lib/python3.9/site-packages/django/contrib/auth/__init__.py", line 38, in get_backends
    return _get_backends(return_tuples=False)
  File "/home/genma/aunshop/venv/lib/python3.9/site-packages/django/contrib/auth/__init__.py", line 27, in _get_backends
    backend = load_backend(backend_path)
  File "/home/genma/aunshop/venv/lib/python3.9/site-packages/django/contrib/auth/__init__.py", line 21, in load_backend
    return import_string(path)()
  File "/home/genma/aunshop/venv/lib/python3.9/site-packages/django/utils/module_loading.py", line 30, in import_string
    return cached_import(module_path, class_name)
  File "/home/genma/aunshop/venv/lib/python3.9/site-packages/django/utils/module_loading.py", line 15, in cached_import
    module = import_module(module_path)
  File "/usr/lib/python3.9/importlib/__init__.py", line 127, in import_module
    return _bootstrap._gcd_import(name[level:], package, level)
  File "<frozen importlib._bootstrap>", line 1030, in _gcd_import
  File "<frozen importlib._bootstrap>", line 1007, in _find_and_load
  File "<frozen importlib._bootstrap>", line 984, in _find_and_load_unlocked
ModuleNotFoundError: No module named 'users.authentication'
Internal Server Error: /admin/login/
Traceback (most recent call last):
  File "/home/genma/aunshop/venv/lib/python3.9/site-packages/django/core/handlers/exception.py", line 55, in inner
    response = get_response(request)
  File "/home/genma/aunshop/venv/lib/python3.9/site-packages/django/core/handlers/base.py", line 197, in _get_response
    response = wrapped_callback(request, *callback_args, **callback_kwargs)
  File "/home/genma/aunshop/venv/lib/python3.9/site-packages/django/utils/decorators.py", line 46, in _wrapper
    return bound_method(*args, **kwargs)
  File "/home/genma/aunshop/venv/lib/python3.9/site-packages/django/views/decorators/cache.py", line 62, in _wrapper_view_func
    response = view_func(request, *args, **kwargs)
  File "/home/genma/aunshop/venv/lib/python3.9/site-packages/django/contrib/admin/sites.py", line 422, in login
    **self.each_context(request),
  File "/home/genma/aunshop/venv/lib/python3.9/site-packages/django/contrib/admin/sites.py", line 337, in each_context
    "available_apps": self.get_app_list(request),
  File "/home/genma/aunshop/venv/lib/python3.9/site-packages/django/contrib/admin/sites.py", line 536, in get_app_list
    app_dict = self._build_app_dict(request, app_label)
  File "/home/genma/aunshop/venv/lib/python3.9/site-packages/django/contrib/admin/sites.py", line 478, in _build_app_dict
    has_module_perms = model_admin.has_module_permission(request)
  File "/home/genma/aunshop/venv/lib/python3.9/site-packages/django/contrib/admin/options.py", line 611, in has_module_permission
    return request.user.has_module_perms(self.opts.app_label)
  File "/home/genma/aunshop/venv/lib/python3.9/site-packages/django/contrib/auth/models.py", line 488, in has_module_perms
    return _user_has_module_perms(self, module)
  File "/home/genma/aunshop/venv/lib/python3.9/site-packages/django/contrib/auth/models.py", line 231, in _user_has_module_perms
    for backend in auth.get_backends():
  File "/home/genma/aunshop/venv/lib/python3.9/site-packages/django/contrib/auth/__init__.py", line 38, in get_backends
    return _get_backends(return_tuples=False)
  File "/home/genma/aunshop/venv/lib/python3.9/site-packages/django/contrib/auth/__init__.py", line 27, in _get_backends
    backend = load_backend(backend_path)
  File "/home/genma/aunshop/venv/lib/python3.9/site-packages/django/contrib/auth/__init__.py", line 21, in load_backend
    return import_string(path)()
  File "/home/genma/aunshop/venv/lib/python3.9/site-packages/django/utils/module_loading.py", line 30, in import_string
    return cached_import(module_path, class_name)
  File "/home/genma/aunshop/venv/lib/python3.9/site-packages/django/utils/module_loading.py", line 15, in cached_import
    module = import_module(module_path)
  File "/usr/lib/python3.9/importlib/__init__.py", line 127, in import_module
    return _bootstrap._gcd_import(name[level:], package, level)
  File "<frozen importlib._bootstrap>", line 1030, in _gcd_import
  File "<frozen importlib._bootstrap>", line 1007, in _find_and_load
  File "<frozen importlib._bootstrap>", line 984, in _find_and_load_unlocked
ModuleNotFoundError: No module named 'users.authentication'
Internal Server Error: /admin/login/
Traceback (most recent call last):
  File "/home/genma/aunshop/venv/lib/python3.9/site-packages/django/core/handlers/exception.py", line 55, in inner
    response = get_response(request)
  File "/home/genma/aunshop/venv/lib/python3.9/site-packages/django/core/handlers/base.py", line 197, in _get_response
    response = wrapped_callback(request, *callback_args, **callback_kwargs)
  File "/home/genma/aunshop/venv/lib/python3.9/site-packages/django/utils/decorators.py", line 46, in _wrapper
    return bound_method(*args, **kwargs)
  File "/home/genma/aunshop/venv/lib/python3.9/site-packages/django/views/decorators/cache.py", line 62, in _wrapper_view_func
    response = view_func(request, *args, **kwargs)
  File "/home/genma/aunshop/venv/lib/python3.9/site-packages/django/contrib/admin/sites.py", line 422, in login
    **self.each_context(request),
  File "/home/genma/aunshop/venv/lib/python3.9/site-packages/django/contrib/admin/sites.py", line 337, in each_context
    "available_apps": self.get_app_list(request),
  File "/home/genma/aunshop/venv/lib/python3.9/site-packages/django/contrib/admin/sites.py", line 536, in get_app_list
    app_dict = self._build_app_dict(request, app_label)
  File "/home/genma/aunshop/venv/lib/python3.9/site-packages/django/contrib/admin/sites.py", line 478, in _build_app_dict
    has_module_perms = model_admin.has_module_permission(request)
  File "/home/genma/aunshop/venv/lib/python3.9/site-packages/django/contrib/admin/options.py", line 611, in has_module_permission
    return request.user.has_module_perms(self.opts.app_label)
  File "/home/genma/aunshop/venv/lib/python3.9/site-packages/django/contrib/auth/models.py", line 488, in has_module_perms
    return _user_has_module_perms(self, module)
  File "/home/genma/aunshop/venv/lib/python3.9/site-packages/django/contrib/auth/models.py", line 231, in _user_has_module_perms
    for backend in auth.get_backends():
  File "/home/genma/aunshop/venv/lib/python3.9/site-packages/django/contrib/auth/__init__.py", line 38, in get_backends
    return _get_backends(return_tuples=False)
  File "/home/genma/aunshop/venv/lib/python3.9/site-packages/django/contrib/auth/__init__.py", line 27, in _get_backends
    backend = load_backend(backend_path)
  File "/home/genma/aunshop/venv/lib/python3.9/site-packages/django/contrib/auth/__init__.py", line 21, in load_backend
    return import_string(path)()
  File "/home/genma/aunshop/venv/lib/python3.9/site-packages/django/utils/module_loading.py", line 30, in import_string
    return cached_import(module_path, class_name)
  File "/home/genma/aunshop/venv/lib/python3.9/site-packages/django/utils/module_loading.py", line 15, in cached_import
    module = import_module(module_path)
  File "/usr/lib/python3.9/importlib/__init__.py", line 127, in import_module
    return _bootstrap._gcd_import(name[level:], package, level)
  File "<frozen importlib._bootstrap>", line 1030, in _gcd_import
  File "<frozen importlib._bootstrap>", line 1007, in _find_and_load
  File "<frozen importlib._bootstrap>", line 984, in _find_and_load_unlocked
ModuleNotFoundError: No module named 'users.authentication'
Internal Server Error: /admin/login/
Traceback (most recent call last):
  File "/home/genma/aunshop/venv/lib/python3.9/site-packages/django/core/handlers/exception.py", line 55, in inner
    response = get_response(request)
  File "/home/genma/aunshop/venv/lib/python3.9/site-packages/django/core/handlers/base.py", line 197, in _get_response
    response = wrapped_callback(request, *callback_args, **callback_kwargs)
  File "/home/genma/aunshop/venv/lib/python3.9/site-packages/django/utils/decorators.py", line 46, in _wrapper
    return bound_method(*args, **kwargs)
  File "/home/genma/aunshop/venv/lib/python3.9/site-packages/django/views/decorators/cache.py", line 62, in _wrapper_view_func
    response = view_func(request, *args, **kwargs)
  File "/home/genma/aunshop/venv/lib/python3.9/site-packages/django/contrib/admin/sites.py", line 422, in login
    **self.each_context(request),
  File "/home/genma/aunshop/venv/lib/python3.9/site-packages/django/contrib/admin/sites.py", line 337, in each_context
    "available_apps": self.get_app_list(request),
  File "/home/genma/aunshop/venv/lib/python3.9/site-packages/django/contrib/admin/sites.py", line 536, in get_app_list
    app_dict = self._build_app_dict(request, app_label)
  File "/home/genma/aunshop/venv/lib/python3.9/site-packages/django/contrib/admin/sites.py", line 478, in _build_app_dict
    has_module_perms = model_admin.has_module_permission(request)
  File "/home/genma/aunshop/venv/lib/python3.9/site-packages/django/contrib/admin/options.py", line 611, in has_module_permission
    return request.user.has_module_perms(self.opts.app_label)
  File "/home/genma/aunshop/venv/lib/python3.9/site-packages/django/contrib/auth/models.py", line 488, in has_module_perms
    return _user_has_module_perms(self, module)
  File "/home/genma/aunshop/venv/lib/python3.9/site-packages/django/contrib/auth/models.py", line 231, in _user_has_module_perms
    for backend in auth.get_backends():
  File "/home/genma/aunshop/venv/lib/python3.9/site-packages/django/contrib/auth/__init__.py", line 38, in get_backends
    return _get_backends(return_tuples=False)
  File "/home/genma/aunshop/venv/lib/python3.9/site-packages/django/contrib/auth/__init__.py", line 27, in _get_backends
    backend = load_backend(backend_path)
  File "/home/genma/aunshop/venv/lib/python3.9/site-packages/django/contrib/auth/__init__.py", line 21, in load_backend
    return import_string(path)()
  File "/home/genma/aunshop/venv/lib/python3.9/site-packages/django/utils/module_loading.py", line 30, in import_string
    return cached_import(module_path, class_name)
  File "/home/genma/aunshop/venv/lib/python3.9/site-packages/django/utils/module_loading.py", line 15, in cached_import
    module = import_module(module_path)
  File "/usr/lib/python3.9/importlib/__init__.py", line 127, in import_module
    return _bootstrap._gcd_import(name[level:], package, level)
  File "<frozen importlib._bootstrap>", line 1030, in _gcd_import
  File "<frozen importlib._bootstrap>", line 1007, in _find_and_load
  File "<frozen importlib._bootstrap>", line 984, in _find_and_load_unlocked
ModuleNotFoundError: No module named 'users.authentication'
Internal Server Error: /admin/login/
Traceback (most recent call last):
  File "/home/genma/aunshop/venv/lib/python3.9/site-packages/django/core/handlers/exception.py", line 55, in inner
    response = get_response(request)
  File "/home/genma/aunshop/venv/lib/python3.9/site-packages/django/core/handlers/base.py", line 197, in _get_response
    response = wrapped_callback(request, *callback_args, **callback_kwargs)
  File "/home/genma/aunshop/venv/lib/python3.9/site-packages/django/utils/decorators.py", line 46, in _wrapper
    return bound_method(*args, **kwargs)
  File "/home/genma/aunshop/venv/lib/python3.9/site-packages/django/views/decorators/cache.py", line 62, in _wrapper_view_func
    response = view_func(request, *args, **kwargs)
  File "/home/genma/aunshop/venv/lib/python3.9/site-packages/django/contrib/admin/sites.py", line 422, in login
    **self.each_context(request),
  File "/home/genma/aunshop/venv/lib/python3.9/site-packages/django/contrib/admin/sites.py", line 337, in each_context
    "available_apps": self.get_app_list(request),
  File "/home/genma/aunshop/venv/lib/python3.9/site-packages/django/contrib/admin/sites.py", line 536, in get_app_list
    app_dict = self._build_app_dict(request, app_label)
  File "/home/genma/aunshop/venv/lib/python3.9/site-packages/django/contrib/admin/sites.py", line 478, in _build_app_dict
    has_module_perms = model_admin.has_module_permission(request)
  File "/home/genma/aunshop/venv/lib/python3.9/site-packages/django/contrib/admin/options.py", line 611, in has_module_permission
    return request.user.has_module_perms(self.opts.app_label)
  File "/home/genma/aunshop/venv/lib/python3.9/site-packages/django/contrib/auth/models.py", line 488, in has_module_perms
    return _user_has_module_perms(self, module)
  File "/home/genma/aunshop/venv/lib/python3.9/site-packages/django/contrib/auth/models.py", line 231, in _user_has_module_perms
    for backend in auth.get_backends():
  File "/home/genma/aunshop/venv/lib/python3.9/site-packages/django/contrib/auth/__init__.py", line 38, in get_backends
    return _get_backends(return_tuples=False)
  File "/home/genma/aunshop/venv/lib/python3.9/site-packages/django/contrib/auth/__init__.py", line 27, in _get_backends
    backend = load_backend(backend_path)
  File "/home/genma/aunshop/venv/lib/python3.9/site-packages/django/contrib/auth/__init__.py", line 21, in load_backend
    return import_string(path)()
  File "/home/genma/aunshop/venv/lib/python3.9/site-packages/django/utils/module_loading.py", line 30, in import_string
    return cached_import(module_path, class_name)
  File "/home/genma/aunshop/venv/lib/python3.9/site-packages/django/utils/module_loading.py", line 15, in cached_import
    module = import_module(module_path)
  File "/usr/lib/python3.9/importlib/__init__.py", line 127, in import_module
    return _bootstrap._gcd_import(name[level:], package, level)
  File "<frozen importlib._bootstrap>", line 1030, in _gcd_import
  File "<frozen importlib._bootstrap>", line 1007, in _find_and_load
  File "<frozen importlib._bootstrap>", line 984, in _find_and_load_unlocked
ModuleNotFoundError: No module named 'users.authentication'
Internal Server Error: /admin/login/
Traceback (most recent call last):
  File "/home/genma/aunshop/venv/lib/python3.9/site-packages/django/core/handlers/exception.py", line 55, in inner
    response = get_response(request)
  File "/home/genma/aunshop/venv/lib/python3.9/site-packages/django/core/handlers/base.py", line 197, in _get_response
    response = wrapped_callback(request, *callback_args, **callback_kwargs)
  File "/home/genma/aunshop/venv/lib/python3.9/site-packages/django/utils/decorators.py", line 46, in _wrapper
    return bound_method(*args, **kwargs)
  File "/home/genma/aunshop/venv/lib/python3.9/site-packages/django/views/decorators/cache.py", line 62, in _wrapper_view_func
    response = view_func(request, *args, **kwargs)
  File "/home/genma/aunshop/venv/lib/python3.9/site-packages/django/contrib/admin/sites.py", line 422, in login
    **self.each_context(request),
  File "/home/genma/aunshop/venv/lib/python3.9/site-packages/django/contrib/admin/sites.py", line 337, in each_context
    "available_apps": self.get_app_list(request),
  File "/home/genma/aunshop/venv/lib/python3.9/site-packages/django/contrib/admin/sites.py", line 536, in get_app_list
    app_dict = self._build_app_dict(request, app_label)
  File "/home/genma/aunshop/venv/lib/python3.9/site-packages/django/contrib/admin/sites.py", line 478, in _build_app_dict
    has_module_perms = model_admin.has_module_permission(request)
  File "/home/genma/aunshop/venv/lib/python3.9/site-packages/django/contrib/admin/options.py", line 611, in has_module_permission
    return request.user.has_module_perms(self.opts.app_label)
  File "/home/genma/aunshop/venv/lib/python3.9/site-packages/django/contrib/auth/models.py", line 488, in has_module_perms
    return _user_has_module_perms(self, module)
  File "/home/genma/aunshop/venv/lib/python3.9/site-packages/django/contrib/auth/models.py", line 231, in _user_has_module_perms
    for backend in auth.get_backends():
  File "/home/genma/aunshop/venv/lib/python3.9/site-packages/django/contrib/auth/__init__.py", line 38, in get_backends
    return _get_backends(return_tuples=False)
  File "/home/genma/aunshop/venv/lib/python3.9/site-packages/django/contrib/auth/__init__.py", line 27, in _get_backends
    backend = load_backend(backend_path)
  File "/home/genma/aunshop/venv/lib/python3.9/site-packages/django/contrib/auth/__init__.py", line 21, in load_backend
    return import_string(path)()
  File "/home/genma/aunshop/venv/lib/python3.9/site-packages/django/utils/module_loading.py", line 30, in import_string
    return cached_import(module_path, class_name)
  File "/home/genma/aunshop/venv/lib/python3.9/site-packages/django/utils/module_loading.py", line 15, in cached_import
    module = import_module(module_path)
  File "/usr/lib/python3.9/importlib/__init__.py", line 127, in import_module
    return _bootstrap._gcd_import(name[level:], package, level)
  File "<frozen importlib._bootstrap>", line 1030, in _gcd_import
  File "<frozen importlib._bootstrap>", line 1007, in _find_and_load
  File "<frozen importlib._bootstrap>", line 984, in _find_and_load_unlocked
ModuleNotFoundError: No module named 'users.authentication'
Internal Server Error: /admin/login/
Traceback (most recent call last):
  File "/home/genma/aunshop/venv/lib/python3.9/site-packages/django/core/handlers/exception.py", line 55, in inner
    response = get_response(request)
  File "/home/genma/aunshop/venv/lib/python3.9/site-packages/django/core/handlers/base.py", line 197, in _get_response
    response = wrapped_callback(request, *callback_args, **callback_kwargs)
  File "/home/genma/aunshop/venv/lib/python3.9/site-packages/django/utils/decorators.py", line 46, in _wrapper
    return bound_method(*args, **kwargs)
  File "/home/genma/aunshop/venv/lib/python3.9/site-packages/django/views/decorators/cache.py", line 62, in _wrapper_view_func
    response = view_func(request, *args, **kwargs)
  File "/home/genma/aunshop/venv/lib/python3.9/site-packages/django/contrib/admin/sites.py", line 422, in login
    **self.each_context(request),
  File "/home/genma/aunshop/venv/lib/python3.9/site-packages/django/contrib/admin/sites.py", line 337, in each_context
    "available_apps": self.get_app_list(request),
  File "/home/genma/aunshop/venv/lib/python3.9/site-packages/django/contrib/admin/sites.py", line 536, in get_app_list
    app_dict = self._build_app_dict(request, app_label)
  File "/home/genma/aunshop/venv/lib/python3.9/site-packages/django/contrib/admin/sites.py", line 478, in _build_app_dict
    has_module_perms = model_admin.has_module_permission(request)
  File "/home/genma/aunshop/venv/lib/python3.9/site-packages/django/contrib/admin/options.py", line 611, in has_module_permission
    return request.user.has_module_perms(self.opts.app_label)
  File "/home/genma/aunshop/venv/lib/python3.9/site-packages/django/contrib/auth/models.py", line 488, in has_module_perms
    return _user_has_module_perms(self, module)
  File "/home/genma/aunshop/venv/lib/python3.9/site-packages/django/contrib/auth/models.py", line 231, in _user_has_module_perms
    for backend in auth.get_backends():
  File "/home/genma/aunshop/venv/lib/python3.9/site-packages/django/contrib/auth/__init__.py", line 38, in get_backends
    return _get_backends(return_tuples=False)
  File "/home/genma/aunshop/venv/lib/python3.9/site-packages/django/contrib/auth/__init__.py", line 27, in _get_backends
    backend = load_backend(backend_path)
  File "/home/genma/aunshop/venv/lib/python3.9/site-packages/django/contrib/auth/__init__.py", line 21, in load_backend
    return import_string(path)()
  File "/home/genma/aunshop/venv/lib/python3.9/site-packages/django/utils/module_loading.py", line 30, in import_string
    return cached_import(module_path, class_name)
  File "/home/genma/aunshop/venv/lib/python3.9/site-packages/django/utils/module_loading.py", line 15, in cached_import
    module = import_module(module_path)
  File "/usr/lib/python3.9/importlib/__init__.py", line 127, in import_module
    return _bootstrap._gcd_import(name[level:], package, level)
  File "<frozen importlib._bootstrap>", line 1030, in _gcd_import
  File "<frozen importlib._bootstrap>", line 1007, in _find_and_load
  File "<frozen importlib._bootstrap>", line 984, in _find_and_load_unlocked
ModuleNotFoundError: No module named 'users.authentication'
Internal Server Error: /admin/login/
Traceback (most recent call last):
  File "/home/genma/aunshop/venv/lib/python3.9/site-packages/django/core/handlers/exception.py", line 55, in inner
    response = get_response(request)
  File "/home/genma/aunshop/venv/lib/python3.9/site-packages/django/core/handlers/base.py", line 197, in _get_response
    response = wrapped_callback(request, *callback_args, **callback_kwargs)
  File "/home/genma/aunshop/venv/lib/python3.9/site-packages/django/utils/decorators.py", line 46, in _wrapper
    return bound_method(*args, **kwargs)
  File "/home/genma/aunshop/venv/lib/python3.9/site-packages/django/views/decorators/cache.py", line 62, in _wrapper_view_func
    response = view_func(request, *args, **kwargs)
  File "/home/genma/aunshop/venv/lib/python3.9/site-packages/django/contrib/admin/sites.py", line 422, in login
    **self.each_context(request),
  File "/home/genma/aunshop/venv/lib/python3.9/site-packages/django/contrib/admin/sites.py", line 337, in each_context
    "available_apps": self.get_app_list(request),
  File "/home/genma/aunshop/venv/lib/python3.9/site-packages/django/contrib/admin/sites.py", line 536, in get_app_list
    app_dict = self._build_app_dict(request, app_label)
  File "/home/genma/aunshop/venv/lib/python3.9/site-packages/django/contrib/admin/sites.py", line 478, in _build_app_dict
    has_module_perms = model_admin.has_module_permission(request)
  File "/home/genma/aunshop/venv/lib/python3.9/site-packages/django/contrib/admin/options.py", line 611, in has_module_permission
    return request.user.has_module_perms(self.opts.app_label)
  File "/home/genma/aunshop/venv/lib/python3.9/site-packages/django/contrib/auth/models.py", line 488, in has_module_perms
    return _user_has_module_perms(self, module)
  File "/home/genma/aunshop/venv/lib/python3.9/site-packages/django/contrib/auth/models.py", line 231, in _user_has_module_perms
    for backend in auth.get_backends():
  File "/home/genma/aunshop/venv/lib/python3.9/site-packages/django/contrib/auth/__init__.py", line 38, in get_backends
    return _get_backends(return_tuples=False)
  File "/home/genma/aunshop/venv/lib/python3.9/site-packages/django/contrib/auth/__init__.py", line 27, in _get_backends
    backend = load_backend(backend_path)
  File "/home/genma/aunshop/venv/lib/python3.9/site-packages/django/contrib/auth/__init__.py", line 21, in load_backend
    return import_string(path)()
  File "/home/genma/aunshop/venv/lib/python3.9/site-packages/django/utils/module_loading.py", line 30, in import_string
    return cached_import(module_path, class_name)
  File "/home/genma/aunshop/venv/lib/python3.9/site-packages/django/utils/module_loading.py", line 15, in cached_import
    module = import_module(module_path)
  File "/usr/lib/python3.9/importlib/__init__.py", line 127, in import_module
    return _bootstrap._gcd_import(name[level:], package, level)
  File "<frozen importlib._bootstrap>", line 1030, in _gcd_import
  File "<frozen importlib._bootstrap>", line 1007, in _find_and_load
  File "<frozen importlib._bootstrap>", line 984, in _find_and_load_unlocked
ModuleNotFoundError: No module named 'users.authentication'
Internal Server Error: /admin/login/
Traceback (most recent call last):
  File "/home/genma/aunshop/venv/lib/python3.9/site-packages/django/core/handlers/exception.py", line 55, in inner
    response = get_response(request)
  File "/home/genma/aunshop/venv/lib/python3.9/site-packages/django/core/handlers/base.py", line 197, in _get_response
    response = wrapped_callback(request, *callback_args, **callback_kwargs)
  File "/home/genma/aunshop/venv/lib/python3.9/site-packages/django/utils/decorators.py", line 46, in _wrapper
    return bound_method(*args, **kwargs)
  File "/home/genma/aunshop/venv/lib/python3.9/site-packages/django/views/decorators/cache.py", line 62, in _wrapper_view_func
    response = view_func(request, *args, **kwargs)
  File "/home/genma/aunshop/venv/lib/python3.9/site-packages/django/contrib/admin/sites.py", line 422, in login
    **self.each_context(request),
  File "/home/genma/aunshop/venv/lib/python3.9/site-packages/django/contrib/admin/sites.py", line 337, in each_context
    "available_apps": self.get_app_list(request),
  File "/home/genma/aunshop/venv/lib/python3.9/site-packages/django/contrib/admin/sites.py", line 536, in get_app_list
    app_dict = self._build_app_dict(request, app_label)
  File "/home/genma/aunshop/venv/lib/python3.9/site-packages/django/contrib/admin/sites.py", line 478, in _build_app_dict
    has_module_perms = model_admin.has_module_permission(request)
  File "/home/genma/aunshop/venv/lib/python3.9/site-packages/django/contrib/admin/options.py", line 611, in has_module_permission
    return request.user.has_module_perms(self.opts.app_label)
  File "/home/genma/aunshop/venv/lib/python3.9/site-packages/django/contrib/auth/models.py", line 488, in has_module_perms
    return _user_has_module_perms(self, module)
  File "/home/genma/aunshop/venv/lib/python3.9/site-packages/django/contrib/auth/models.py", line 231, in _user_has_module_perms
    for backend in auth.get_backends():
  File "/home/genma/aunshop/venv/lib/python3.9/site-packages/django/contrib/auth/__init__.py", line 38, in get_backends
    return _get_backends(return_tuples=False)
  File "/home/genma/aunshop/venv/lib/python3.9/site-packages/django/contrib/auth/__init__.py", line 27, in _get_backends
    backend = load_backend(backend_path)
  File "/home/genma/aunshop/venv/lib/python3.9/site-packages/django/contrib/auth/__init__.py", line 21, in load_backend
    return import_string(path)()
  File "/home/genma/aunshop/venv/lib/python3.9/site-packages/django/utils/module_loading.py", line 30, in import_string
    return cached_import(module_path, class_name)
  File "/home/genma/aunshop/venv/lib/python3.9/site-packages/django/utils/module_loading.py", line 15, in cached_import
    module = import_module(module_path)
  File "/usr/lib/python3.9/importlib/__init__.py", line 127, in import_module
    return _bootstrap._gcd_import(name[level:], package, level)
  File "<frozen importlib._bootstrap>", line 1030, in _gcd_import
  File "<frozen importlib._bootstrap>", line 1007, in _find_and_load
  File "<frozen importlib._bootstrap>", line 984, in _find_and_load_unlocked
ModuleNotFoundError: No module named 'users.authentication'
Internal Server Error: /admin/login/
Traceback (most recent call last):
  File "/home/genma/aunshop/venv/lib/python3.9/site-packages/django/core/handlers/exception.py", line 55, in inner
    response = get_response(request)
  File "/home/genma/aunshop/venv/lib/python3.9/site-packages/django/core/handlers/base.py", line 197, in _get_response
    response = wrapped_callback(request, *callback_args, **callback_kwargs)
  File "/home/genma/aunshop/venv/lib/python3.9/site-packages/django/utils/decorators.py", line 46, in _wrapper
    return bound_method(*args, **kwargs)
  File "/home/genma/aunshop/venv/lib/python3.9/site-packages/django/views/decorators/cache.py", line 62, in _wrapper_view_func
    response = view_func(request, *args, **kwargs)
  File "/home/genma/aunshop/venv/lib/python3.9/site-packages/django/contrib/admin/sites.py", line 422, in login
    **self.each_context(request),
  File "/home/genma/aunshop/venv/lib/python3.9/site-packages/django/contrib/admin/sites.py", line 337, in each_context
    "available_apps": self.get_app_list(request),
  File "/home/genma/aunshop/venv/lib/python3.9/site-packages/django/contrib/admin/sites.py", line 536, in get_app_list
    app_dict = self._build_app_dict(request, app_label)
  File "/home/genma/aunshop/venv/lib/python3.9/site-packages/django/contrib/admin/sites.py", line 478, in _build_app_dict
    has_module_perms = model_admin.has_module_permission(request)
  File "/home/genma/aunshop/venv/lib/python3.9/site-packages/django/contrib/admin/options.py", line 611, in has_module_permission
    return request.user.has_module_perms(self.opts.app_label)
  File "/home/genma/aunshop/venv/lib/python3.9/site-packages/django/contrib/auth/models.py", line 488, in has_module_perms
    return _user_has_module_perms(self, module)
  File "/home/genma/aunshop/venv/lib/python3.9/site-packages/django/contrib/auth/models.py", line 231, in _user_has_module_perms
    for backend in auth.get_backends():
  File "/home/genma/aunshop/venv/lib/python3.9/site-packages/django/contrib/auth/__init__.py", line 38, in get_backends
    return _get_backends(return_tuples=False)
  File "/home/genma/aunshop/venv/lib/python3.9/site-packages/django/contrib/auth/__init__.py", line 27, in _get_backends
    backend = load_backend(backend_path)
  File "/home/genma/aunshop/venv/lib/python3.9/site-packages/django/contrib/auth/__init__.py", line 21, in load_backend
    return import_string(path)()
  File "/home/genma/aunshop/venv/lib/python3.9/site-packages/django/utils/module_loading.py", line 30, in import_string
    return cached_import(module_path, class_name)
  File "/home/genma/aunshop/venv/lib/python3.9/site-packages/django/utils/module_loading.py", line 15, in cached_import
    module = import_module(module_path)
  File "/usr/lib/python3.9/importlib/__init__.py", line 127, in import_module
    return _bootstrap._gcd_import(name[level:], package, level)
  File "<frozen importlib._bootstrap>", line 1030, in _gcd_import
  File "<frozen importlib._bootstrap>", line 1007, in _find_and_load
  File "<frozen importlib._bootstrap>", line 984, in _find_and_load_unlocked
ModuleNotFoundError: No module named 'users.authentication'
Internal Server Error: /admin/
Traceback (most recent call last):
  File "/home/genma/aunshop/venv/lib/python3.9/site-packages/django/core/handlers/exception.py", line 55, in inner
    response = get_response(request)
  File "/home/genma/aunshop/venv/lib/python3.9/site-packages/django/core/handlers/base.py", line 220, in _get_response
    response = response.render()
  File "/home/genma/aunshop/venv/lib/python3.9/site-packages/django/template/response.py", line 114, in render
    self.content = self.rendered_content
  File "/home/genma/aunshop/venv/lib/python3.9/site-packages/django/template/response.py", line 92, in rendered_content
    return template.render(context, self._request)
  File "/home/genma/aunshop/venv/lib/python3.9/site-packages/django/template/backends/django.py", line 61, in render
    return self.template.render(context)
  File "/home/genma/aunshop/venv/lib/python3.9/site-packages/django/template/base.py", line 175, in render
    return self._render(context)
  File "/home/genma/aunshop/venv/lib/python3.9/site-packages/django/template/base.py", line 167, in _render
    return self.nodelist.render(context)
  File "/home/genma/aunshop/venv/lib/python3.9/site-packages/django/template/base.py", line 1005, in render
    return SafeString("".join([node.render_annotated(context) for node in self]))
  File "/home/genma/aunshop/venv/lib/python3.9/site-packages/django/template/base.py", line 1005, in <listcomp>
    return SafeString("".join([node.render_annotated(context) for node in self]))
  File "/home/genma/aunshop/venv/lib/python3.9/site-packages/django/template/base.py", line 966, in render_annotated
    return self.render(context)
  File "/home/genma/aunshop/venv/lib/python3.9/site-packages/django/template/loader_tags.py", line 157, in render
    return compiled_parent._render(context)
  File "/home/genma/aunshop/venv/lib/python3.9/site-packages/django/template/base.py", line 167, in _render
    return self.nodelist.render(context)
  File "/home/genma/aunshop/venv/lib/python3.9/site-packages/django/template/base.py", line 1005, in render
    return SafeString("".join([node.render_annotated(context) for node in self]))
  File "/home/genma/aunshop/venv/lib/python3.9/site-packages/django/template/base.py", line 1005, in <listcomp>
    return SafeString("".join([node.render_annotated(context) for node in self]))
  File "/home/genma/aunshop/venv/lib/python3.9/site-packages/django/template/base.py", line 966, in render_annotated
    return self.render(context)
  File "/home/genma/aunshop/venv/lib/python3.9/site-packages/django/template/loader_tags.py", line 157, in render
    return compiled_parent._render(context)
  File "/home/genma/aunshop/venv/lib/python3.9/site-packages/django/template/base.py", line 167, in _render
    return self.nodelist.render(context)
  File "/home/genma/aunshop/venv/lib/python3.9/site-packages/django/template/base.py", line 1005, in render
    return SafeString("".join([node.render_annotated(context) for node in self]))
  File "/home/genma/aunshop/venv/lib/python3.9/site-packages/django/template/base.py", line 1005, in <listcomp>
    return SafeString("".join([node.render_annotated(context) for node in self]))
  File "/home/genma/aunshop/venv/lib/python3.9/site-packages/django/template/base.py", line 966, in render_annotated
    return self.render(context)
  File "/home/genma/aunshop/venv/lib/python3.9/site-packages/django/template/defaulttags.py", line 321, in render
    return nodelist.render(context)
  File "/home/genma/aunshop/venv/lib/python3.9/site-packages/django/template/base.py", line 1005, in render
    return SafeString("".join([node.render_annotated(context) for node in self]))
  File "/home/genma/aunshop/venv/lib/python3.9/site-packages/django/template/base.py", line 1005, in <listcomp>
    return SafeString("".join([node.render_annotated(context) for node in self]))
  File "/home/genma/aunshop/venv/lib/python3.9/site-packages/django/template/base.py", line 966, in render_annotated
    return self.render(context)
  File "/home/genma/aunshop/venv/lib/python3.9/site-packages/django/template/library.py", line 237, in render
    output = self.func(*resolved_args, **resolved_kwargs)
  File "/home/genma/aunshop/venv/lib/python3.9/site-packages/jazzmin/templatetags/jazzmin.py", line 112, in get_top_menu
    return make_menu(user, options.get("topmenu_links", []), options, allow_appmenus=True, admin_site=admin_site)
  File "/home/genma/aunshop/venv/lib/python3.9/site-packages/jazzmin/utils.py", line 164, in make_menu
    model_permissions = get_view_permissions(user)
  File "/home/genma/aunshop/venv/lib/python3.9/site-packages/jazzmin/utils.py", line 146, in get_view_permissions
    perms = user.get_all_permissions()
  File "/home/genma/aunshop/venv/lib/python3.9/site-packages/django/contrib/auth/models.py", line 296, in get_all_permissions
    return _user_get_permissions(self, obj, "all")
  File "/home/genma/aunshop/venv/lib/python3.9/site-packages/django/contrib/auth/models.py", line 206, in _user_get_permissions
    for backend in auth.get_backends():
  File "/home/genma/aunshop/venv/lib/python3.9/site-packages/django/contrib/auth/__init__.py", line 38, in get_backends
    return _get_backends(return_tuples=False)
  File "/home/genma/aunshop/venv/lib/python3.9/site-packages/django/contrib/auth/__init__.py", line 27, in _get_backends
    backend = load_backend(backend_path)
  File "/home/genma/aunshop/venv/lib/python3.9/site-packages/django/contrib/auth/__init__.py", line 21, in load_backend
    return import_string(path)()
  File "/home/genma/aunshop/venv/lib/python3.9/site-packages/django/utils/module_loading.py", line 30, in import_string
    return cached_import(module_path, class_name)
  File "/home/genma/aunshop/venv/lib/python3.9/site-packages/django/utils/module_loading.py", line 15, in cached_import
    module = import_module(module_path)
  File "/usr/lib/python3.9/importlib/__init__.py", line 127, in import_module
    return _bootstrap._gcd_import(name[level:], package, level)
  File "<frozen importlib._bootstrap>", line 1030, in _gcd_import
  File "<frozen importlib._bootstrap>", line 1007, in _find_and_load
  File "<frozen importlib._bootstrap>", line 984, in _find_and_load_unlocked
ModuleNotFoundError: No module named 'users.authentication'
Internal Server Error: /api/login/
Traceback (most recent call last):
  File "/home/genma/aunshop/venv/lib/python3.9/site-packages/django/core/handlers/exception.py", line 55, in inner
    response = get_response(request)
  File "/home/genma/aunshop/venv/lib/python3.9/site-packages/django/core/handlers/base.py", line 197, in _get_response
    response = wrapped_callback(request, *callback_args, **callback_kwargs)
  File "/home/genma/aunshop/venv/lib/python3.9/site-packages/django/views/decorators/csrf.py", line 56, in wrapper_view
    return view_func(*args, **kwargs)
  File "/home/genma/aunshop/venv/lib/python3.9/site-packages/django/views/generic/base.py", line 105, in view
    return self.dispatch(request, *args, **kwargs)
  File "/home/genma/aunshop/venv/lib/python3.9/site-packages/rest_framework/views.py", line 515, in dispatch
    response = self.handle_exception(exc)
  File "/home/genma/aunshop/venv/lib/python3.9/site-packages/rest_framework/views.py", line 475, in handle_exception
    self.raise_uncaught_exception(exc)
  File "/home/genma/aunshop/venv/lib/python3.9/site-packages/rest_framework/views.py", line 486, in raise_uncaught_exception
    raise exc
  File "/home/genma/aunshop/venv/lib/python3.9/site-packages/rest_framework/views.py", line 512, in dispatch
    response = handler(request, *args, **kwargs)
  File "/home/genma/aunshop/users/views.py", line 27, in post
    user = authenticate(request, username=phone, password=password)
NameError: name 'authenticate' is not defined
Internal Server Error: /api/token/
Traceback (most recent call last):
  File "/home/genma/aunshop/venv/lib/python3.9/site-packages/django/core/handlers/exception.py", line 55, in inner
    response = get_response(request)
  File "/home/genma/aunshop/venv/lib/python3.9/site-packages/django/core/handlers/base.py", line 197, in _get_response
    response = wrapped_callback(request, *callback_args, **callback_kwargs)
  File "/home/genma/aunshop/venv/lib/python3.9/site-packages/django/views/decorators/csrf.py", line 56, in wrapper_view
    return view_func(*args, **kwargs)
  File "/home/genma/aunshop/venv/lib/python3.9/site-packages/django/views/generic/base.py", line 105, in view
    return self.dispatch(request, *args, **kwargs)
  File "/home/genma/aunshop/venv/lib/python3.9/site-packages/rest_framework/views.py", line 515, in dispatch
    response = self.handle_exception(exc)
  File "/home/genma/aunshop/venv/lib/python3.9/site-packages/rest_framework/views.py", line 475, in handle_exception
    self.raise_uncaught_exception(exc)
  File "/home/genma/aunshop/venv/lib/python3.9/site-packages/rest_framework/views.py", line 486, in raise_uncaught_exception
    raise exc
  File "/home/genma/aunshop/venv/lib/python3.9/site-packages/rest_framework/views.py", line 512, in dispatch
    response = handler(request, *args, **kwargs)
  File "/home/genma/aunshop/venv/lib/python3.9/site-packages/rest_framework_simplejwt/views.py", line 44, in post
    serializer.is_valid(raise_exception=True)
  File "/home/genma/aunshop/venv/lib/python3.9/site-packages/rest_framework/serializers.py", line 225, in is_valid
    self._validated_data = self.run_validation(self.initial_data)
  File "/home/genma/aunshop/venv/lib/python3.9/site-packages/rest_framework/serializers.py", line 447, in run_validation
    value = self.validate(value)
  File "/home/genma/aunshop/users/jwt_serializers.py", line 26, in validate
    return super().validate(attrs)
  File "/home/genma/aunshop/venv/lib/python3.9/site-packages/rest_framework_simplejwt/serializers.py", line 73, in validate
    data = super().validate(attrs)
  File "/home/genma/aunshop/venv/lib/python3.9/site-packages/rest_framework_simplejwt/serializers.py", line 54, in validate
    self.user = authenticate(**authenticate_kwargs)
  File "/home/genma/aunshop/venv/lib/python3.9/site-packages/django/views/decorators/debug.py", line 42, in sensitive_variables_wrapper
    return func(*func_args, **func_kwargs)
  File "/home/genma/aunshop/venv/lib/python3.9/site-packages/django/contrib/auth/__init__.py", line 68, in authenticate
    for backend, backend_path in _get_backends(return_tuples=True):
  File "/home/genma/aunshop/venv/lib/python3.9/site-packages/django/contrib/auth/__init__.py", line 27, in _get_backends
    backend = load_backend(backend_path)
  File "/home/genma/aunshop/venv/lib/python3.9/site-packages/django/contrib/auth/__init__.py", line 21, in load_backend
    return import_string(path)()
  File "/home/genma/aunshop/venv/lib/python3.9/site-packages/django/utils/module_loading.py", line 30, in import_string
    return cached_import(module_path, class_name)
  File "/home/genma/aunshop/venv/lib/python3.9/site-packages/django/utils/module_loading.py", line 15, in cached_import
    module = import_module(module_path)
  File "/usr/lib/python3.9/importlib/__init__.py", line 127, in import_module
    return _bootstrap._gcd_import(name[level:], package, level)
  File "<frozen importlib._bootstrap>", line 1030, in _gcd_import
  File "<frozen importlib._bootstrap>", line 1007, in _find_and_load
  File "<frozen importlib._bootstrap>", line 984, in _find_and_load_unlocked
ModuleNotFoundError: No module named 'users.authentication'
Internal Server Error: /api/token/
Traceback (most recent call last):
  File "/home/genma/aunshop/venv/lib/python3.9/site-packages/django/core/handlers/exception.py", line 55, in inner
    response = get_response(request)
  File "/home/genma/aunshop/venv/lib/python3.9/site-packages/django/core/handlers/base.py", line 197, in _get_response
    response = wrapped_callback(request, *callback_args, **callback_kwargs)
  File "/home/genma/aunshop/venv/lib/python3.9/site-packages/django/views/decorators/csrf.py", line 56, in wrapper_view
    return view_func(*args, **kwargs)
  File "/home/genma/aunshop/venv/lib/python3.9/site-packages/django/views/generic/base.py", line 105, in view
    return self.dispatch(request, *args, **kwargs)
  File "/home/genma/aunshop/venv/lib/python3.9/site-packages/rest_framework/views.py", line 515, in dispatch
    response = self.handle_exception(exc)
  File "/home/genma/aunshop/venv/lib/python3.9/site-packages/rest_framework/views.py", line 475, in handle_exception
    self.raise_uncaught_exception(exc)
  File "/home/genma/aunshop/venv/lib/python3.9/site-packages/rest_framework/views.py", line 486, in raise_uncaught_exception
    raise exc
  File "/home/genma/aunshop/venv/lib/python3.9/site-packages/rest_framework/views.py", line 512, in dispatch
    response = handler(request, *args, **kwargs)
  File "/home/genma/aunshop/venv/lib/python3.9/site-packages/rest_framework_simplejwt/views.py", line 44, in post
    serializer.is_valid(raise_exception=True)
  File "/home/genma/aunshop/venv/lib/python3.9/site-packages/rest_framework/serializers.py", line 225, in is_valid
    self._validated_data = self.run_validation(self.initial_data)
  File "/home/genma/aunshop/venv/lib/python3.9/site-packages/rest_framework/serializers.py", line 447, in run_validation
    value = self.validate(value)
  File "/home/genma/aunshop/users/jwt_serializers.py", line 26, in validate
    return super().validate(attrs)
  File "/home/genma/aunshop/venv/lib/python3.9/site-packages/rest_framework_simplejwt/serializers.py", line 73, in validate
    data = super().validate(attrs)
  File "/home/genma/aunshop/venv/lib/python3.9/site-packages/rest_framework_simplejwt/serializers.py", line 54, in validate
    self.user = authenticate(**authenticate_kwargs)
  File "/home/genma/aunshop/venv/lib/python3.9/site-packages/django/views/decorators/debug.py", line 42, in sensitive_variables_wrapper
    return func(*func_args, **func_kwargs)
  File "/home/genma/aunshop/venv/lib/python3.9/site-packages/django/contrib/auth/__init__.py", line 68, in authenticate
    for backend, backend_path in _get_backends(return_tuples=True):
  File "/home/genma/aunshop/venv/lib/python3.9/site-packages/django/contrib/auth/__init__.py", line 27, in _get_backends
    backend = load_backend(backend_path)
  File "/home/genma/aunshop/venv/lib/python3.9/site-packages/django/contrib/auth/__init__.py", line 21, in load_backend
    return import_string(path)()
  File "/home/genma/aunshop/venv/lib/python3.9/site-packages/django/utils/module_loading.py", line 30, in import_string
    return cached_import(module_path, class_name)
  File "/home/genma/aunshop/venv/lib/python3.9/site-packages/django/utils/module_loading.py", line 15, in cached_import
    module = import_module(module_path)
  File "/usr/lib/python3.9/importlib/__init__.py", line 127, in import_module
    return _bootstrap._gcd_import(name[level:], package, level)
  File "<frozen importlib._bootstrap>", line 1030, in _gcd_import
  File "<frozen importlib._bootstrap>", line 1007, in _find_and_load
  File "<frozen importlib._bootstrap>", line 984, in _find_and_load_unlocked
ModuleNotFoundError: No module named 'users.authentication'
Internal Server Error: /api/token/
Traceback (most recent call last):
  File "/home/genma/aunshop/venv/lib/python3.9/site-packages/django/core/handlers/exception.py", line 55, in inner
    response = get_response(request)
  File "/home/genma/aunshop/venv/lib/python3.9/site-packages/django/core/handlers/base.py", line 197, in _get_response
    response = wrapped_callback(request, *callback_args, **callback_kwargs)
  File "/home/genma/aunshop/venv/lib/python3.9/site-packages/django/views/decorators/csrf.py", line 56, in wrapper_view
    return view_func(*args, **kwargs)
  File "/home/genma/aunshop/venv/lib/python3.9/site-packages/django/views/generic/base.py", line 105, in view
    return self.dispatch(request, *args, **kwargs)
  File "/home/genma/aunshop/venv/lib/python3.9/site-packages/rest_framework/views.py", line 515, in dispatch
    response = self.handle_exception(exc)
  File "/home/genma/aunshop/venv/lib/python3.9/site-packages/rest_framework/views.py", line 475, in handle_exception
    self.raise_uncaught_exception(exc)
  File "/home/genma/aunshop/venv/lib/python3.9/site-packages/rest_framework/views.py", line 486, in raise_uncaught_exception
    raise exc
  File "/home/genma/aunshop/venv/lib/python3.9/site-packages/rest_framework/views.py", line 512, in dispatch
    response = handler(request, *args, **kwargs)
  File "/home/genma/aunshop/venv/lib/python3.9/site-packages/rest_framework_simplejwt/views.py", line 44, in post
    serializer.is_valid(raise_exception=True)
  File "/home/genma/aunshop/venv/lib/python3.9/site-packages/rest_framework/serializers.py", line 225, in is_valid
    self._validated_data = self.run_validation(self.initial_data)
  File "/home/genma/aunshop/venv/lib/python3.9/site-packages/rest_framework/serializers.py", line 447, in run_validation
    value = self.validate(value)
  File "/home/genma/aunshop/users/jwt_serializers.py", line 26, in validate
    return super().validate(attrs)
  File "/home/genma/aunshop/venv/lib/python3.9/site-packages/rest_framework_simplejwt/serializers.py", line 73, in validate
    data = super().validate(attrs)
  File "/home/genma/aunshop/venv/lib/python3.9/site-packages/rest_framework_simplejwt/serializers.py", line 54, in validate
    self.user = authenticate(**authenticate_kwargs)
  File "/home/genma/aunshop/venv/lib/python3.9/site-packages/django/views/decorators/debug.py", line 42, in sensitive_variables_wrapper
    return func(*func_args, **func_kwargs)
  File "/home/genma/aunshop/venv/lib/python3.9/site-packages/django/contrib/auth/__init__.py", line 68, in authenticate
    for backend, backend_path in _get_backends(return_tuples=True):
  File "/home/genma/aunshop/venv/lib/python3.9/site-packages/django/contrib/auth/__init__.py", line 27, in _get_backends
    backend = load_backend(backend_path)
  File "/home/genma/aunshop/venv/lib/python3.9/site-packages/django/contrib/auth/__init__.py", line 21, in load_backend
    return import_string(path)()
  File "/home/genma/aunshop/venv/lib/python3.9/site-packages/django/utils/module_loading.py", line 30, in import_string
    return cached_import(module_path, class_name)
  File "/home/genma/aunshop/venv/lib/python3.9/site-packages/django/utils/module_loading.py", line 15, in cached_import
    module = import_module(module_path)
  File "/usr/lib/python3.9/importlib/__init__.py", line 127, in import_module
    return _bootstrap._gcd_import(name[level:], package, level)
  File "<frozen importlib._bootstrap>", line 1030, in _gcd_import
  File "<frozen importlib._bootstrap>", line 1007, in _find_and_load
  File "<frozen importlib._bootstrap>", line 984, in _find_and_load_unlocked
ModuleNotFoundError: No module named 'users.authentication'
Internal Server Error: /api/token/
Traceback (most recent call last):
  File "/home/genma/aunshop/venv/lib/python3.9/site-packages/django/core/handlers/exception.py", line 55, in inner
    response = get_response(request)
  File "/home/genma/aunshop/venv/lib/python3.9/site-packages/django/core/handlers/base.py", line 197, in _get_response
    response = wrapped_callback(request, *callback_args, **callback_kwargs)
  File "/home/genma/aunshop/venv/lib/python3.9/site-packages/django/views/decorators/csrf.py", line 56, in wrapper_view
    return view_func(*args, **kwargs)
  File "/home/genma/aunshop/venv/lib/python3.9/site-packages/django/views/generic/base.py", line 105, in view
    return self.dispatch(request, *args, **kwargs)
  File "/home/genma/aunshop/venv/lib/python3.9/site-packages/rest_framework/views.py", line 515, in dispatch
    response = self.handle_exception(exc)
  File "/home/genma/aunshop/venv/lib/python3.9/site-packages/rest_framework/views.py", line 475, in handle_exception
    self.raise_uncaught_exception(exc)
  File "/home/genma/aunshop/venv/lib/python3.9/site-packages/rest_framework/views.py", line 486, in raise_uncaught_exception
    raise exc
  File "/home/genma/aunshop/venv/lib/python3.9/site-packages/rest_framework/views.py", line 512, in dispatch
    response = handler(request, *args, **kwargs)
  File "/home/genma/aunshop/venv/lib/python3.9/site-packages/rest_framework_simplejwt/views.py", line 44, in post
    serializer.is_valid(raise_exception=True)
  File "/home/genma/aunshop/venv/lib/python3.9/site-packages/rest_framework/serializers.py", line 225, in is_valid
    self._validated_data = self.run_validation(self.initial_data)
  File "/home/genma/aunshop/venv/lib/python3.9/site-packages/rest_framework/serializers.py", line 447, in run_validation
    value = self.validate(value)
  File "/home/genma/aunshop/users/jwt_serializers.py", line 26, in validate
    return super().validate(attrs)
  File "/home/genma/aunshop/venv/lib/python3.9/site-packages/rest_framework_simplejwt/serializers.py", line 73, in validate
    data = super().validate(attrs)
  File "/home/genma/aunshop/venv/lib/python3.9/site-packages/rest_framework_simplejwt/serializers.py", line 54, in validate
    self.user = authenticate(**authenticate_kwargs)
  File "/home/genma/aunshop/venv/lib/python3.9/site-packages/django/views/decorators/debug.py", line 42, in sensitive_variables_wrapper
    return func(*func_args, **func_kwargs)
  File "/home/genma/aunshop/venv/lib/python3.9/site-packages/django/contrib/auth/__init__.py", line 68, in authenticate
    for backend, backend_path in _get_backends(return_tuples=True):
  File "/home/genma/aunshop/venv/lib/python3.9/site-packages/django/contrib/auth/__init__.py", line 27, in _get_backends
    backend = load_backend(backend_path)
  File "/home/genma/aunshop/venv/lib/python3.9/site-packages/django/contrib/auth/__init__.py", line 21, in load_backend
    return import_string(path)()
  File "/home/genma/aunshop/venv/lib/python3.9/site-packages/django/utils/module_loading.py", line 30, in import_string
    return cached_import(module_path, class_name)
  File "/home/genma/aunshop/venv/lib/python3.9/site-packages/django/utils/module_loading.py", line 15, in cached_import
    module = import_module(module_path)
  File "/usr/lib/python3.9/importlib/__init__.py", line 127, in import_module
    return _bootstrap._gcd_import(name[level:], package, level)
  File "<frozen importlib._bootstrap>", line 1030, in _gcd_import
  File "<frozen importlib._bootstrap>", line 1007, in _find_and_load
  File "<frozen importlib._bootstrap>", line 984, in _find_and_load_unlocked
ModuleNotFoundError: No module named 'users.authentication'
Internal Server Error: /api/login/
Traceback (most recent call last):
  File "/home/genma/aunshop/venv/lib/python3.9/site-packages/django/core/handlers/exception.py", line 55, in inner
    response = get_response(request)
  File "/home/genma/aunshop/venv/lib/python3.9/site-packages/django/core/handlers/base.py", line 197, in _get_response
    response = wrapped_callback(request, *callback_args, **callback_kwargs)
  File "/home/genma/aunshop/venv/lib/python3.9/site-packages/django/views/decorators/csrf.py", line 56, in wrapper_view
    return view_func(*args, **kwargs)
  File "/home/genma/aunshop/venv/lib/python3.9/site-packages/django/views/generic/base.py", line 105, in view
    return self.dispatch(request, *args, **kwargs)
  File "/home/genma/aunshop/venv/lib/python3.9/site-packages/rest_framework/views.py", line 515, in dispatch
    response = self.handle_exception(exc)
  File "/home/genma/aunshop/venv/lib/python3.9/site-packages/rest_framework/views.py", line 475, in handle_exception
    self.raise_uncaught_exception(exc)
  File "/home/genma/aunshop/venv/lib/python3.9/site-packages/rest_framework/views.py", line 486, in raise_uncaught_exception
    raise exc
  File "/home/genma/aunshop/venv/lib/python3.9/site-packages/rest_framework/views.py", line 512, in dispatch
    response = handler(request, *args, **kwargs)
  File "/home/genma/aunshop/users/views.py", line 27, in post
    user = authenticate(request, username=phone, password=password)
NameError: name 'authenticate' is not defined
Internal Server Error: /api/login/
Traceback (most recent call last):
  File "/home/genma/aunshop/venv/lib/python3.9/site-packages/django/core/handlers/exception.py", line 55, in inner
    response = get_response(request)
  File "/home/genma/aunshop/venv/lib/python3.9/site-packages/django/core/handlers/base.py", line 197, in _get_response
    response = wrapped_callback(request, *callback_args, **callback_kwargs)
  File "/home/genma/aunshop/venv/lib/python3.9/site-packages/django/views/decorators/csrf.py", line 56, in wrapper_view
    return view_func(*args, **kwargs)
  File "/home/genma/aunshop/venv/lib/python3.9/site-packages/django/views/generic/base.py", line 105, in view
    return self.dispatch(request, *args, **kwargs)
  File "/home/genma/aunshop/venv/lib/python3.9/site-packages/rest_framework/views.py", line 515, in dispatch
    response = self.handle_exception(exc)
  File "/home/genma/aunshop/venv/lib/python3.9/site-packages/rest_framework/views.py", line 475, in handle_exception
    self.raise_uncaught_exception(exc)
  File "/home/genma/aunshop/venv/lib/python3.9/site-packages/rest_framework/views.py", line 486, in raise_uncaught_exception
    raise exc
  File "/home/genma/aunshop/venv/lib/python3.9/site-packages/rest_framework/views.py", line 512, in dispatch
    response = handler(request, *args, **kwargs)
  File "/home/genma/aunshop/users/views.py", line 27, in post
    user = authenticate(request, username=phone, password=password)
NameError: name 'authenticate' is not defined
Internal Server Error: /api/login/
Traceback (most recent call last):
  File "/home/genma/aunshop/venv/lib/python3.9/site-packages/django/core/handlers/exception.py", line 55, in inner
    response = get_response(request)
  File "/home/genma/aunshop/venv/lib/python3.9/site-packages/django/core/handlers/base.py", line 197, in _get_response
    response = wrapped_callback(request, *callback_args, **callback_kwargs)
  File "/home/genma/aunshop/venv/lib/python3.9/site-packages/django/views/decorators/csrf.py", line 56, in wrapper_view
    return view_func(*args, **kwargs)
  File "/home/genma/aunshop/venv/lib/python3.9/site-packages/django/views/generic/base.py", line 105, in view
    return self.dispatch(request, *args, **kwargs)
  File "/home/genma/aunshop/venv/lib/python3.9/site-packages/rest_framework/views.py", line 515, in dispatch
    response = self.handle_exception(exc)
  File "/home/genma/aunshop/venv/lib/python3.9/site-packages/rest_framework/views.py", line 475, in handle_exception
    self.raise_uncaught_exception(exc)
  File "/home/genma/aunshop/venv/lib/python3.9/site-packages/rest_framework/views.py", line 486, in raise_uncaught_exception
    raise exc
  File "/home/genma/aunshop/venv/lib/python3.9/site-packages/rest_framework/views.py", line 512, in dispatch
    response = handler(request, *args, **kwargs)
  File "/home/genma/aunshop/users/views.py", line 27, in post
    user = authenticate(request, username=phone, password=password)
NameError: name 'authenticate' is not defined
Internal Server Error: /api/login/
Traceback (most recent call last):
  File "/home/genma/aunshop/venv/lib/python3.9/site-packages/django/core/handlers/exception.py", line 55, in inner
    response = get_response(request)
  File "/home/genma/aunshop/venv/lib/python3.9/site-packages/django/core/handlers/base.py", line 197, in _get_response
    response = wrapped_callback(request, *callback_args, **callback_kwargs)
  File "/home/genma/aunshop/venv/lib/python3.9/site-packages/django/views/decorators/csrf.py", line 56, in wrapper_view
    return view_func(*args, **kwargs)
  File "/home/genma/aunshop/venv/lib/python3.9/site-packages/django/views/generic/base.py", line 105, in view
    return self.dispatch(request, *args, **kwargs)
  File "/home/genma/aunshop/venv/lib/python3.9/site-packages/rest_framework/views.py", line 515, in dispatch
    response = self.handle_exception(exc)
  File "/home/genma/aunshop/venv/lib/python3.9/site-packages/rest_framework/views.py", line 475, in handle_exception
    self.raise_uncaught_exception(exc)
  File "/home/genma/aunshop/venv/lib/python3.9/site-packages/rest_framework/views.py", line 486, in raise_uncaught_exception
    raise exc
  File "/home/genma/aunshop/venv/lib/python3.9/site-packages/rest_framework/views.py", line 512, in dispatch
    response = handler(request, *args, **kwargs)
  File "/home/genma/aunshop/users/views.py", line 27, in post
    user = authenticate(request, username=phone, password=password)
NameError: name 'authenticate' is not defined
Internal Server Error: /api/login/
Traceback (most recent call last):
  File "/home/genma/aunshop/venv/lib/python3.9/site-packages/django/core/handlers/exception.py", line 55, in inner
    response = get_response(request)
  File "/home/genma/aunshop/venv/lib/python3.9/site-packages/django/core/handlers/base.py", line 197, in _get_response
    response = wrapped_callback(request, *callback_args, **callback_kwargs)
  File "/home/genma/aunshop/venv/lib/python3.9/site-packages/django/views/decorators/csrf.py", line 56, in wrapper_view
    return view_func(*args, **kwargs)
  File "/home/genma/aunshop/venv/lib/python3.9/site-packages/django/views/generic/base.py", line 105, in view
    return self.dispatch(request, *args, **kwargs)
  File "/home/genma/aunshop/venv/lib/python3.9/site-packages/rest_framework/views.py", line 515, in dispatch
    response = self.handle_exception(exc)
  File "/home/genma/aunshop/venv/lib/python3.9/site-packages/rest_framework/views.py", line 475, in handle_exception
    self.raise_uncaught_exception(exc)
  File "/home/genma/aunshop/venv/lib/python3.9/site-packages/rest_framework/views.py", line 486, in raise_uncaught_exception
    raise exc
  File "/home/genma/aunshop/venv/lib/python3.9/site-packages/rest_framework/views.py", line 512, in dispatch
    response = handler(request, *args, **kwargs)
  File "/home/genma/aunshop/users/views.py", line 27, in post
    user = authenticate(request, username=phone, password=password)
NameError: name 'authenticate' is not defined
Internal Server Error: /api/login/
Traceback (most recent call last):
  File "/home/genma/aunshop/venv/lib/python3.9/site-packages/django/core/handlers/exception.py", line 55, in inner
    response = get_response(request)
  File "/home/genma/aunshop/venv/lib/python3.9/site-packages/django/core/handlers/base.py", line 197, in _get_response
    response = wrapped_callback(request, *callback_args, **callback_kwargs)
  File "/home/genma/aunshop/venv/lib/python3.9/site-packages/django/views/decorators/csrf.py", line 56, in wrapper_view
    return view_func(*args, **kwargs)
  File "/home/genma/aunshop/venv/lib/python3.9/site-packages/django/views/generic/base.py", line 105, in view
    return self.dispatch(request, *args, **kwargs)
  File "/home/genma/aunshop/venv/lib/python3.9/site-packages/rest_framework/views.py", line 515, in dispatch
    response = self.handle_exception(exc)
  File "/home/genma/aunshop/venv/lib/python3.9/site-packages/rest_framework/views.py", line 475, in handle_exception
    self.raise_uncaught_exception(exc)
  File "/home/genma/aunshop/venv/lib/python3.9/site-packages/rest_framework/views.py", line 486, in raise_uncaught_exception
    raise exc
  File "/home/genma/aunshop/venv/lib/python3.9/site-packages/rest_framework/views.py", line 512, in dispatch
    response = handler(request, *args, **kwargs)
  File "/home/genma/aunshop/users/views.py", line 27, in post
    user = authenticate(request, username=phone, password=password)
NameError: name 'authenticate' is not defined
Internal Server Error: /api/login/
Traceback (most recent call last):
  File "/home/genma/aunshop/venv/lib/python3.9/site-packages/django/core/handlers/exception.py", line 55, in inner
    response = get_response(request)
  File "/home/genma/aunshop/venv/lib/python3.9/site-packages/django/core/handlers/base.py", line 197, in _get_response
    response = wrapped_callback(request, *callback_args, **callback_kwargs)
  File "/home/genma/aunshop/venv/lib/python3.9/site-packages/django/views/decorators/csrf.py", line 56, in wrapper_view
    return view_func(*args, **kwargs)
  File "/home/genma/aunshop/venv/lib/python3.9/site-packages/django/views/generic/base.py", line 105, in view
    return self.dispatch(request, *args, **kwargs)
  File "/home/genma/aunshop/venv/lib/python3.9/site-packages/rest_framework/views.py", line 515, in dispatch
    response = self.handle_exception(exc)
  File "/home/genma/aunshop/venv/lib/python3.9/site-packages/rest_framework/views.py", line 475, in handle_exception
    self.raise_uncaught_exception(exc)
  File "/home/genma/aunshop/venv/lib/python3.9/site-packages/rest_framework/views.py", line 486, in raise_uncaught_exception
    raise exc
  File "/home/genma/aunshop/venv/lib/python3.9/site-packages/rest_framework/views.py", line 512, in dispatch
    response = handler(request, *args, **kwargs)
  File "/home/genma/aunshop/users/views.py", line 27, in post
    user = authenticate(request, username=phone, password=password)
NameError: name 'authenticate' is not defined
Internal Server Error: /api/login/
Traceback (most recent call last):
  File "/home/genma/aunshop/venv/lib/python3.9/site-packages/django/core/handlers/exception.py", line 55, in inner
    response = get_response(request)
  File "/home/genma/aunshop/venv/lib/python3.9/site-packages/django/core/handlers/base.py", line 197, in _get_response
    response = wrapped_callback(request, *callback_args, **callback_kwargs)
  File "/home/genma/aunshop/venv/lib/python3.9/site-packages/django/views/decorators/csrf.py", line 56, in wrapper_view
    return view_func(*args, **kwargs)
  File "/home/genma/aunshop/venv/lib/python3.9/site-packages/django/views/generic/base.py", line 105, in view
    return self.dispatch(request, *args, **kwargs)
  File "/home/genma/aunshop/venv/lib/python3.9/site-packages/rest_framework/views.py", line 515, in dispatch
    response = self.handle_exception(exc)
  File "/home/genma/aunshop/venv/lib/python3.9/site-packages/rest_framework/views.py", line 475, in handle_exception
    self.raise_uncaught_exception(exc)
  File "/home/genma/aunshop/venv/lib/python3.9/site-packages/rest_framework/views.py", line 486, in raise_uncaught_exception
    raise exc
  File "/home/genma/aunshop/venv/lib/python3.9/site-packages/rest_framework/views.py", line 512, in dispatch
    response = handler(request, *args, **kwargs)
  File "/home/genma/aunshop/users/views.py", line 27, in post
    user = authenticate(request, username=phone, password=password)
NameError: name 'authenticate' is not defined
Internal Server Error: /api/login/
Traceback (most recent call last):
  File "/home/genma/aunshop/venv/lib/python3.9/site-packages/django/core/handlers/exception.py", line 55, in inner
    response = get_response(request)
  File "/home/genma/aunshop/venv/lib/python3.9/site-packages/django/core/handlers/base.py", line 197, in _get_response
    response = wrapped_callback(request, *callback_args, **callback_kwargs)
  File "/home/genma/aunshop/venv/lib/python3.9/site-packages/django/views/decorators/csrf.py", line 56, in wrapper_view
    return view_func(*args, **kwargs)
  File "/home/genma/aunshop/venv/lib/python3.9/site-packages/django/views/generic/base.py", line 105, in view
    return self.dispatch(request, *args, **kwargs)
  File "/home/genma/aunshop/venv/lib/python3.9/site-packages/rest_framework/views.py", line 515, in dispatch
    response = self.handle_exception(exc)
  File "/home/genma/aunshop/venv/lib/python3.9/site-packages/rest_framework/views.py", line 475, in handle_exception
    self.raise_uncaught_exception(exc)
  File "/home/genma/aunshop/venv/lib/python3.9/site-packages/rest_framework/views.py", line 486, in raise_uncaught_exception
    raise exc
  File "/home/genma/aunshop/venv/lib/python3.9/site-packages/rest_framework/views.py", line 512, in dispatch
    response = handler(request, *args, **kwargs)
  File "/home/genma/aunshop/users/views.py", line 27, in post
NameError: name 'authenticate' is not defined
Invalid HTTP_HOST header: '141.76.94.18'. You may need to add '141.76.94.18' to ALLOWED_HOSTS.
Traceback (most recent call last):
  File "/home/genma/aunshop/venv/lib/python3.9/site-packages/django/core/handlers/exception.py", line 55, in inner
    response = get_response(request)
  File "/home/genma/aunshop/venv/lib/python3.9/site-packages/django/utils/deprecation.py", line 133, in __call__
    response = self.process_request(request)
  File "/home/genma/aunshop/venv/lib/python3.9/site-packages/django/middleware/common.py", line 48, in process_request
    host = request.get_host()
  File "/home/genma/aunshop/venv/lib/python3.9/site-packages/django/http/request.py", line 150, in get_host
    raise DisallowedHost(msg)
django.core.exceptions.DisallowedHost: Invalid HTTP_HOST header: '141.76.94.18'. You may need to add '141.76.94.18' to ALLOWED_HOSTS.
Internal Server Error: /api/token
Traceback (most recent call last):
  File "C:\Users\user\AppData\Local\Programs\Python\Python313\Lib\site-packages\django\core\handlers\exception.py", line 55, in inner
    response = get_response(request)
  File "C:\Users\user\AppData\Local\Programs\Python\Python313\Lib\site-packages\django\utils\deprecation.py", line 122, in __call__
    response = self.process_response(request, response)
  File "C:\Users\user\AppData\Local\Programs\Python\Python313\Lib\site-packages\django\middleware\common.py", line 108, in process_response
    return self.response_redirect_class(self.get_full_path_with_slash(request))
                                        ~~~~~~~~~~~~~~~~~~~~~~~~~~~~~^^^^^^^^^
  File "C:\Users\user\AppData\Local\Programs\Python\Python313\Lib\site-packages\django\middleware\common.py", line 87, in get_full_path_with_slash
    raise RuntimeError(
    ...<9 lines>...
    )
RuntimeError: You called this URL via POST, but the URL doesn't end in a slash and you have APPEND_SLASH set. Django can't redirect to the slash URL while maintaining POST data. Change your form to point to localhost:8000/api/token/ (note the trailing slash), or set APPEND_SLASH=False in your Django settings.
"POST /api/token HTTP/1.1" 500 75947
Internal Server Error: /api/profile
Traceback (most recent call last):
  File "C:\Users\user\AppData\Local\Programs\Python\Python313\Lib\site-packages\django\core\handlers\exception.py", line 55, in inner
    response = get_response(request)
  File "C:\Users\user\AppData\Local\Programs\Python\Python313\Lib\site-packages\django\utils\deprecation.py", line 122, in __call__
    response = self.process_response(request, response)
  File "C:\Users\user\AppData\Local\Programs\Python\Python313\Lib\site-packages\django\middleware\common.py", line 108, in process_response
    return self.response_redirect_class(self.get_full_path_with_slash(request))
                                        ~~~~~~~~~~~~~~~~~~~~~~~~~~~~~^^^^^^^^^
  File "C:\Users\user\AppData\Local\Programs\Python\Python313\Lib\site-packages\django\middleware\common.py", line 87, in get_full_path_with_slash
    raise RuntimeError(
    ...<9 lines>...
    )
RuntimeError: You called this URL via POST, but the URL doesn't end in a slash and you have APPEND_SLASH set. Django can't redirect to the slash URL while maintaining POST data. Change your form to point to localhost:8000/api/profile/ (note the trailing slash), or set APPEND_SLASH=False in your Django settings.
"POST /api/profile HTTP/1.1" 500 76127
Internal Server Error: /api/token
Traceback (most recent call last):
  File "C:\Users\user\AppData\Local\Programs\Python\Python313\Lib\site-packages\django\core\handlers\exception.py", line 55, in inner
    response = get_response(request)
  File "C:\Users\user\AppData\Local\Programs\Python\Python313\Lib\site-packages\django\utils\deprecation.py", line 122, in __call__
    response = self.process_response(request, response)
  File "C:\Users\user\AppData\Local\Programs\Python\Python313\Lib\site-packages\django\middleware\common.py", line 108, in process_response
    return self.response_redirect_class(self.get_full_path_with_slash(request))
                                        ~~~~~~~~~~~~~~~~~~~~~~~~~~~~~^^^^^^^^^
  File "C:\Users\user\AppData\Local\Programs\Python\Python313\Lib\site-packages\django\middleware\common.py", line 87, in get_full_path_with_slash
    raise RuntimeError(
    ...<9 lines>...
    )
RuntimeError: You called this URL via POST, but the URL doesn't end in a slash and you have APPEND_SLASH set. Django can't redirect to the slash URL while maintaining POST data. Change your form to point to localhost:8000/api/token/ (note the trailing slash), or set APPEND_SLASH=False in your Django settings.
"POST /api/token HTTP/1.1" 500 76095
Internal Server Error: /api/profile
Traceback (most recent call last):
  File "C:\Users\user\AppData\Local\Programs\Python\Python313\Lib\site-packages\django\core\handlers\exception.py", line 55, in inner
    response = get_response(request)
  File "C:\Users\user\AppData\Local\Programs\Python\Python313\Lib\site-packages\django\utils\deprecation.py", line 122, in __call__
    response = self.process_response(request, response)
  File "C:\Users\user\AppData\Local\Programs\Python\Python313\Lib\site-packages\django\middleware\common.py", line 108, in process_response
    return self.response_redirect_class(self.get_full_path_with_slash(request))
                                        ~~~~~~~~~~~~~~~~~~~~~~~~~~~~~^^^^^^^^^
  File "C:\Users\user\AppData\Local\Programs\Python\Python313\Lib\site-packages\django\middleware\common.py", line 87, in get_full_path_with_slash
    raise RuntimeError(
    ...<9 lines>...
    )
RuntimeError: You called this URL via POST, but the URL doesn't end in a slash and you have APPEND_SLASH set. Django can't redirect to the slash URL while maintaining POST data. Change your form to point to localhost:8000/api/profile/ (note the trailing slash), or set APPEND_SLASH=False in your Django settings.
"POST /api/profile HTTP/1.1" 500 76127
Internal Server Error: /api/login
Traceback (most recent call last):
  File "C:\Users\user\AppData\Local\Programs\Python\Python313\Lib\site-packages\django\core\handlers\exception.py", line 55, in inner
    response = get_response(request)
  File "C:\Users\user\AppData\Local\Programs\Python\Python313\Lib\site-packages\django\utils\deprecation.py", line 122, in __call__
    response = self.process_response(request, response)
  File "C:\Users\user\AppData\Local\Programs\Python\Python313\Lib\site-packages\django\middleware\common.py", line 108, in process_response
    return self.response_redirect_class(self.get_full_path_with_slash(request))
                                        ~~~~~~~~~~~~~~~~~~~~~~~~~~~~~^^^^^^^^^
  File "C:\Users\user\AppData\Local\Programs\Python\Python313\Lib\site-packages\django\middleware\common.py", line 87, in get_full_path_with_slash
    raise RuntimeError(
    ...<9 lines>...
    )
RuntimeError: You called this URL via POST, but the URL doesn't end in a slash and you have APPEND_SLASH set. Django can't redirect to the slash URL while maintaining POST data. Change your form to point to localhost:8000/api/login/ (note the trailing slash), or set APPEND_SLASH=False in your Django settings.
"POST /api/login HTTP/1.1" 500 76095
Internal Server Error: /api/login
Traceback (most recent call last):
  File "C:\Users\user\AppData\Local\Programs\Python\Python313\Lib\site-packages\django\core\handlers\exception.py", line 55, in inner
    response = get_response(request)
  File "C:\Users\user\AppData\Local\Programs\Python\Python313\Lib\site-packages\django\utils\deprecation.py", line 122, in __call__
    response = self.process_response(request, response)
  File "C:\Users\user\AppData\Local\Programs\Python\Python313\Lib\site-packages\django\middleware\common.py", line 108, in process_response
    return self.response_redirect_class(self.get_full_path_with_slash(request))
                                        ~~~~~~~~~~~~~~~~~~~~~~~~~~~~~^^^^^^^^^
  File "C:\Users\user\AppData\Local\Programs\Python\Python313\Lib\site-packages\django\middleware\common.py", line 87, in get_full_path_with_slash
    raise RuntimeError(
    ...<9 lines>...
    )
RuntimeError: You called this URL via POST, but the URL doesn't end in a slash and you have APPEND_SLASH set. Django can't redirect to the slash URL while maintaining POST data. Change your form to point to localhost:8000/api/login/ (note the trailing slash), or set APPEND_SLASH=False in your Django settings.
"POST /api/login HTTP/1.1" 500 76095
Internal Server Error: /search/
Traceback (most recent call last):
  File "/home/genma/aunshop/venv/lib/python3.9/site-packages/django/core/handlers/exception.py", line 55, in inner
    response = get_response(request)
  File "/home/genma/aunshop/venv/lib/python3.9/site-packages/django/core/handlers/base.py", line 197, in _get_response
    response = wrapped_callback(request, *callback_args, **callback_kwargs)
  File "/home/genma/aunshop/venv/lib/python3.9/site-packages/django/views/decorators/csrf.py", line 56, in wrapper_view
    return view_func(*args, **kwargs)
  File "/home/genma/aunshop/venv/lib/python3.9/site-packages/django/views/generic/base.py", line 105, in view
    return self.dispatch(request, *args, **kwargs)
  File "/home/genma/aunshop/venv/lib/python3.9/site-packages/rest_framework/views.py", line 515, in dispatch
    response = self.handle_exception(exc)
  File "/home/genma/aunshop/venv/lib/python3.9/site-packages/rest_framework/views.py", line 475, in handle_exception
    self.raise_uncaught_exception(exc)
  File "/home/genma/aunshop/venv/lib/python3.9/site-packages/rest_framework/views.py", line 486, in raise_uncaught_exception
    raise exc
  File "/home/genma/aunshop/venv/lib/python3.9/site-packages/rest_framework/views.py", line 512, in dispatch
    response = handler(request, *args, **kwargs)
  File "/home/genma/aunshop/core/views.py", line 23, in get
    "stationery": StationeryListSerializer(stationeries, many=True, context={"request": request}).data,
  File "/home/genma/aunshop/venv/lib/python3.9/site-packages/rest_framework/serializers.py", line 797, in data
    ret = super().data
  File "/home/genma/aunshop/venv/lib/python3.9/site-packages/rest_framework/serializers.py", line 251, in data
    self._data = self.to_representation(self.instance)
  File "/home/genma/aunshop/venv/lib/python3.9/site-packages/rest_framework/serializers.py", line 715, in to_representation
    return [
  File "/home/genma/aunshop/venv/lib/python3.9/site-packages/rest_framework/serializers.py", line 716, in <listcomp>
    self.child.to_representation(item) for item in iterable
  File "/home/genma/aunshop/venv/lib/python3.9/site-packages/rest_framework/serializers.py", line 540, in to_representation
    ret[field.field_name] = field.to_representation(attribute)
  File "/home/genma/aunshop/venv/lib/python3.9/site-packages/rest_framework/fields.py", line 1869, in to_representation
    method = getattr(self.parent, self.method_name)
AttributeError: 'StationeryListSerializer' object has no attribute 'get_first_image'
Internal Server Error: /admin/core/pagecontent/
Traceback (most recent call last):
  File "/home/genma/aunshop/venv/lib/python3.9/site-packages/django/db/backends/utils.py", line 89, in _execute
    return self.cursor.execute(sql, params)
psycopg2.errors.UndefinedTable: relation "core_pagecontent" does not exist
LINE 1: SELECT COUNT(*) AS "__count" FROM "core_pagecontent"
                                          ^


The above exception was the direct cause of the following exception:

Traceback (most recent call last):
  File "/home/genma/aunshop/venv/lib/python3.9/site-packages/django/core/handlers/exception.py", line 55, in inner
    response = get_response(request)
  File "/home/genma/aunshop/venv/lib/python3.9/site-packages/django/core/handlers/base.py", line 197, in _get_response
    response = wrapped_callback(request, *callback_args, **callback_kwargs)
  File "/home/genma/aunshop/venv/lib/python3.9/site-packages/django/contrib/admin/options.py", line 688, in wrapper
    return self.admin_site.admin_view(view)(*args, **kwargs)
  File "/home/genma/aunshop/venv/lib/python3.9/site-packages/django/utils/decorators.py", line 134, in _wrapper_view
    response = view_func(request, *args, **kwargs)
  File "/home/genma/aunshop/venv/lib/python3.9/site-packages/django/views/decorators/cache.py", line 62, in _wrapper_view_func
    response = view_func(request, *args, **kwargs)
  File "/home/genma/aunshop/venv/lib/python3.9/site-packages/django/contrib/admin/sites.py", line 242, in inner
    return view(request, *args, **kwargs)
  File "/home/genma/aunshop/venv/lib/python3.9/site-packages/django/utils/decorators.py", line 46, in _wrapper
    return bound_method(*args, **kwargs)
  File "/home/genma/aunshop/venv/lib/python3.9/site-packages/django/utils/decorators.py", line 134, in _wrapper_view
    response = view_func(request, *args, **kwargs)
  File "/home/genma/aunshop/venv/lib/python3.9/site-packages/django/contrib/admin/options.py", line 1926, in changelist_view
    cl = self.get_changelist_instance(request)
  File "/home/genma/aunshop/venv/lib/python3.9/site-packages/django/contrib/admin/options.py", line 836, in get_changelist_instance
    return ChangeList(
  File "/home/genma/aunshop/venv/lib/python3.9/site-packages/django/contrib/admin/views/main.py", line 123, in __init__
    self.get_results(request)
  File "/home/genma/aunshop/venv/lib/python3.9/site-packages/django/contrib/admin/views/main.py", line 279, in get_results
    result_count = paginator.count
  File "/home/genma/aunshop/venv/lib/python3.9/site-packages/django/utils/functional.py", line 57, in __get__
    res = instance.__dict__[self.name] = self.func(instance)
  File "/home/genma/aunshop/venv/lib/python3.9/site-packages/django/core/paginator.py", line 93, in count
    return c()
  File "/home/genma/aunshop/venv/lib/python3.9/site-packages/django/db/models/query.py", line 608, in count
    return self.query.get_count(using=self.db)
  File "/home/genma/aunshop/venv/lib/python3.9/site-packages/django/db/models/sql/query.py", line 568, in get_count
    return obj.get_aggregation(using, {"__count": Count("*")})["__count"]
  File "/home/genma/aunshop/venv/lib/python3.9/site-packages/django/db/models/sql/query.py", line 554, in get_aggregation
    result = compiler.execute_sql(SINGLE)
  File "/home/genma/aunshop/venv/lib/python3.9/site-packages/django/db/models/sql/compiler.py", line 1562, in execute_sql
    cursor.execute(sql, params)
  File "/home/genma/aunshop/venv/lib/python3.9/site-packages/django/db/backends/utils.py", line 102, in execute
    return super().execute(sql, params)
  File "/home/genma/aunshop/venv/lib/python3.9/site-packages/django/db/backends/utils.py", line 67, in execute
    return self._execute_with_wrappers(
  File "/home/genma/aunshop/venv/lib/python3.9/site-packages/django/db/backends/utils.py", line 80, in _execute_with_wrappers
    return executor(sql, params, many, context)
  File "/home/genma/aunshop/venv/lib/python3.9/site-packages/django/db/backends/utils.py", line 89, in _execute
    return self.cursor.execute(sql, params)
  File "/home/genma/aunshop/venv/lib/python3.9/site-packages/django/db/utils.py", line 91, in __exit__
    raise dj_exc_value.with_traceback(traceback) from exc_value
  File "/home/genma/aunshop/venv/lib/python3.9/site-packages/django/db/backends/utils.py", line 89, in _execute
    return self.cursor.execute(sql, params)
django.db.utils.ProgrammingError: relation "core_pagecontent" does not exist
LINE 1: SELECT COUNT(*) AS "__count" FROM "core_pagecontent"
                                          ^

Invalid HTTP_HOST header: '127.0.0.1'. You may need to add '127.0.0.1' to ALLOWED_HOSTS.
Traceback (most recent call last):
  File "/home/genma/aunshop/venv/lib/python3.9/site-packages/django/core/handlers/exception.py", line 55, in inner
    response = get_response(request)
  File "/home/genma/aunshop/venv/lib/python3.9/site-packages/django/utils/deprecation.py", line 133, in __call__
    response = self.process_request(request)
  File "/home/genma/aunshop/venv/lib/python3.9/site-packages/django/middleware/common.py", line 48, in process_request
    host = request.get_host()
  File "/home/genma/aunshop/venv/lib/python3.9/site-packages/django/http/request.py", line 150, in get_host
    raise DisallowedHost(msg)
django.core.exceptions.DisallowedHost: Invalid HTTP_HOST header: '127.0.0.1'. You may need to add '127.0.0.1' to ALLOWED_HOSTS.
Invalid HTTP_HOST header: '141.76.94.18'. You may need to add '141.76.94.18' to ALLOWED_HOSTS.
Traceback (most recent call last):
  File "/home/genma/aunshop/venv/lib/python3.9/site-packages/django/core/handlers/exception.py", line 55, in inner
    response = get_response(request)
  File "/home/genma/aunshop/venv/lib/python3.9/site-packages/django/utils/deprecation.py", line 133, in __call__
    response = self.process_request(request)
  File "/home/genma/aunshop/venv/lib/python3.9/site-packages/django/middleware/common.py", line 48, in process_request
    host = request.get_host()
  File "/home/genma/aunshop/venv/lib/python3.9/site-packages/django/http/request.py", line 150, in get_host
    raise DisallowedHost(msg)
django.core.exceptions.DisallowedHost: Invalid HTTP_HOST header: '141.76.94.18'. You may need to add '141.76.94.18' to ALLOWED_HOSTS.
Invalid HTTP_HOST header: '141.76.94.18'. You may need to add '141.76.94.18' to ALLOWED_HOSTS.
Traceback (most recent call last):
  File "/home/genma/aunshop/venv/lib/python3.9/site-packages/django/core/handlers/exception.py", line 55, in inner
    response = get_response(request)
  File "/home/genma/aunshop/venv/lib/python3.9/site-packages/django/utils/deprecation.py", line 133, in __call__
    response = self.process_request(request)
  File "/home/genma/aunshop/venv/lib/python3.9/site-packages/django/middleware/common.py", line 48, in process_request
    host = request.get_host()
  File "/home/genma/aunshop/venv/lib/python3.9/site-packages/django/http/request.py", line 150, in get_host
    raise DisallowedHost(msg)
django.core.exceptions.DisallowedHost: Invalid HTTP_HOST header: '141.76.94.18'. You may need to add '141.76.94.18' to ALLOWED_HOSTS.
Invalid HTTP_HOST header: '127.0.0.1'. You may need to add '127.0.0.1' to ALLOWED_HOSTS.
Traceback (most recent call last):
  File "/home/genma/aunshop/venv/lib/python3.9/site-packages/django/core/handlers/exception.py", line 55, in inner
    response = get_response(request)
  File "/home/genma/aunshop/venv/lib/python3.9/site-packages/django/utils/deprecation.py", line 133, in __call__
    response = self.process_request(request)
  File "/home/genma/aunshop/venv/lib/python3.9/site-packages/django/middleware/common.py", line 48, in process_request
    host = request.get_host()
  File "/home/genma/aunshop/venv/lib/python3.9/site-packages/django/http/request.py", line 150, in get_host
    raise DisallowedHost(msg)
django.core.exceptions.DisallowedHost: Invalid HTTP_HOST header: '127.0.0.1'. You may need to add '127.0.0.1' to ALLOWED_HOSTS.
Invalid HTTP_HOST header: '141.76.94.18'. You may need to add '141.76.94.18' to ALLOWED_HOSTS.
Traceback (most recent call last):
  File "/home/genma/aunshop/venv/lib/python3.9/site-packages/django/core/handlers/exception.py", line 55, in inner
    response = get_response(request)
  File "/home/genma/aunshop/venv/lib/python3.9/site-packages/django/utils/deprecation.py", line 133, in __call__
    response = self.process_request(request)
  File "/home/genma/aunshop/venv/lib/python3.9/site-packages/django/middleware/common.py", line 48, in process_request
    host = request.get_host()
  File "/home/genma/aunshop/venv/lib/python3.9/site-packages/django/http/request.py", line 150, in get_host
    raise DisallowedHost(msg)
django.core.exceptions.DisallowedHost: Invalid HTTP_HOST header: '141.76.94.18'. You may need to add '141.76.94.18' to ALLOWED_HOSTS.
Invalid HTTP_HOST header: '127.0.0.1'. You may need to add '127.0.0.1' to ALLOWED_HOSTS.
Traceback (most recent call last):
  File "/home/genma/aunshop/venv/lib/python3.9/site-packages/django/core/handlers/exception.py", line 55, in inner
    response = get_response(request)
  File "/home/genma/aunshop/venv/lib/python3.9/site-packages/django/utils/deprecation.py", line 133, in __call__
    response = self.process_request(request)
  File "/home/genma/aunshop/venv/lib/python3.9/site-packages/django/middleware/common.py", line 48, in process_request
    host = request.get_host()
  File "/home/genma/aunshop/venv/lib/python3.9/site-packages/django/http/request.py", line 150, in get_host
    raise DisallowedHost(msg)
django.core.exceptions.DisallowedHost: Invalid HTTP_HOST header: '127.0.0.1'. You may need to add '127.0.0.1' to ALLOWED_HOSTS.
Invalid HTTP_HOST header: '127.0.0.1'. You may need to add '127.0.0.1' to ALLOWED_HOSTS.
Traceback (most recent call last):
  File "/home/genma/aunshop/venv/lib/python3.9/site-packages/django/core/handlers/exception.py", line 55, in inner
    response = get_response(request)
  File "/home/genma/aunshop/venv/lib/python3.9/site-packages/django/utils/deprecation.py", line 133, in __call__
    response = self.process_request(request)
  File "/home/genma/aunshop/venv/lib/python3.9/site-packages/django/middleware/common.py", line 48, in process_request
    host = request.get_host()
  File "/home/genma/aunshop/venv/lib/python3.9/site-packages/django/http/request.py", line 150, in get_host
    raise DisallowedHost(msg)
django.core.exceptions.DisallowedHost: Invalid HTTP_HOST header: '127.0.0.1'. You may need to add '127.0.0.1' to ALLOWED_HOSTS.
Invalid HTTP_HOST header: 'fastkan.ru'. You may need to add 'fastkan.ru' to ALLOWED_HOSTS.
Traceback (most recent call last):
  File "/home/genma/aunshop/venv/lib/python3.9/site-packages/django/core/handlers/exception.py", line 55, in inner
    response = get_response(request)
  File "/home/genma/aunshop/venv/lib/python3.9/site-packages/django/utils/deprecation.py", line 133, in __call__
    response = self.process_request(request)
  File "/home/genma/aunshop/venv/lib/python3.9/site-packages/django/middleware/common.py", line 48, in process_request
    host = request.get_host()
  File "/home/genma/aunshop/venv/lib/python3.9/site-packages/django/http/request.py", line 150, in get_host
    raise DisallowedHost(msg)
django.core.exceptions.DisallowedHost: Invalid HTTP_HOST header: 'fastkan.ru'. You may need to add 'fastkan.ru' to ALLOWED_HOSTS.
Invalid HTTP_HOST header: '127.0.0.1'. You may need to add '127.0.0.1' to ALLOWED_HOSTS.
Traceback (most recent call last):
  File "/home/genma/aunshop/venv/lib/python3.9/site-packages/django/core/handlers/exception.py", line 55, in inner
    response = get_response(request)
  File "/home/genma/aunshop/venv/lib/python3.9/site-packages/django/utils/deprecation.py", line 133, in __call__
    response = self.process_request(request)
  File "/home/genma/aunshop/venv/lib/python3.9/site-packages/django/middleware/common.py", line 48, in process_request
    host = request.get_host()
  File "/home/genma/aunshop/venv/lib/python3.9/site-packages/django/http/request.py", line 150, in get_host
    raise DisallowedHost(msg)
django.core.exceptions.DisallowedHost: Invalid HTTP_HOST header: '127.0.0.1'. You may need to add '127.0.0.1' to ALLOWED_HOSTS.
Invalid HTTP_HOST header: '127.0.0.1'. You may need to add '127.0.0.1' to ALLOWED_HOSTS.
Traceback (most recent call last):
  File "/home/genma/aunshop/venv/lib/python3.9/site-packages/django/core/handlers/exception.py", line 55, in inner
    response = get_response(request)
  File "/home/genma/aunshop/venv/lib/python3.9/site-packages/django/utils/deprecation.py", line 133, in __call__
    response = self.process_request(request)
  File "/home/genma/aunshop/venv/lib/python3.9/site-packages/django/middleware/common.py", line 48, in process_request
    host = request.get_host()
  File "/home/genma/aunshop/venv/lib/python3.9/site-packages/django/http/request.py", line 150, in get_host
    raise DisallowedHost(msg)
django.core.exceptions.DisallowedHost: Invalid HTTP_HOST header: '127.0.0.1'. You may need to add '127.0.0.1' to ALLOWED_HOSTS.
Internal Server Error: /api/email/send-code/
Traceback (most recent call last):
  File "/home/genma/aunshop/venv/lib/python3.9/site-packages/django/db/models/query.py", line 916, in get_or_create
    return self.get(**kwargs), False
  File "/home/genma/aunshop/venv/lib/python3.9/site-packages/django/db/models/query.py", line 637, in get
    raise self.model.DoesNotExist(
users.models.EmailConfirmationCode.DoesNotExist: EmailConfirmationCode matching query does not exist.

During handling of the above exception, another exception occurred:

Traceback (most recent call last):
  File "/home/genma/aunshop/venv/lib/python3.9/site-packages/django/db/backends/utils.py", line 89, in _execute
    return self.cursor.execute(sql, params)
psycopg2.errors.NotNullViolation: null value in column "user_id" of relation "users_emailconfirmationcode" violates not-null constraint
DETAIL:  Failing row contains (1, alisultv04@gmail.com, 311433, 2025-07-10 17:22:08.971617+00, f, null).


The above exception was the direct cause of the following exception:

Traceback (most recent call last):
  File "/home/genma/aunshop/venv/lib/python3.9/site-packages/django/core/handlers/exception.py", line 55, in inner
    response = get_response(request)
  File "/home/genma/aunshop/venv/lib/python3.9/site-packages/django/core/handlers/base.py", line 197, in _get_response
    response = wrapped_callback(request, *callback_args, **callback_kwargs)
  File "/home/genma/aunshop/venv/lib/python3.9/site-packages/django/views/decorators/csrf.py", line 56, in wrapper_view
    return view_func(*args, **kwargs)
  File "/home/genma/aunshop/venv/lib/python3.9/site-packages/django/views/generic/base.py", line 105, in view
    return self.dispatch(request, *args, **kwargs)
  File "/home/genma/aunshop/venv/lib/python3.9/site-packages/rest_framework/views.py", line 515, in dispatch
    response = self.handle_exception(exc)
  File "/home/genma/aunshop/venv/lib/python3.9/site-packages/rest_framework/views.py", line 475, in handle_exception
    self.raise_uncaught_exception(exc)
  File "/home/genma/aunshop/venv/lib/python3.9/site-packages/rest_framework/views.py", line 486, in raise_uncaught_exception
    raise exc
  File "/home/genma/aunshop/venv/lib/python3.9/site-packages/rest_framework/views.py", line 512, in dispatch
    response = handler(request, *args, **kwargs)
  File "/home/genma/aunshop/users/views.py", line 79, in post
    EmailConfirmationCode.objects.update_or_create(
  File "/home/genma/aunshop/venv/lib/python3.9/site-packages/django/db/models/manager.py", line 87, in manager_method
    return getattr(self.get_queryset(), name)(*args, **kwargs)
  File "/home/genma/aunshop/venv/lib/python3.9/site-packages/django/db/models/query.py", line 949, in update_or_create
    obj, created = self.select_for_update().get_or_create(defaults, **kwargs)
  File "/home/genma/aunshop/venv/lib/python3.9/site-packages/django/db/models/query.py", line 923, in get_or_create
    return self.create(**params), True
  File "/home/genma/aunshop/venv/lib/python3.9/site-packages/django/db/models/query.py", line 658, in create
    obj.save(force_insert=True, using=self.db)
  File "/home/genma/aunshop/venv/lib/python3.9/site-packages/django/db/models/base.py", line 814, in save
    self.save_base(
  File "/home/genma/aunshop/venv/lib/python3.9/site-packages/django/db/models/base.py", line 877, in save_base
    updated = self._save_table(
  File "/home/genma/aunshop/venv/lib/python3.9/site-packages/django/db/models/base.py", line 1020, in _save_table
    results = self._do_insert(
  File "/home/genma/aunshop/venv/lib/python3.9/site-packages/django/db/models/base.py", line 1061, in _do_insert
    return manager._insert(
  File "/home/genma/aunshop/venv/lib/python3.9/site-packages/django/db/models/manager.py", line 87, in manager_method
    return getattr(self.get_queryset(), name)(*args, **kwargs)
  File "/home/genma/aunshop/venv/lib/python3.9/site-packages/django/db/models/query.py", line 1805, in _insert
    return query.get_compiler(using=using).execute_sql(returning_fields)
  File "/home/genma/aunshop/venv/lib/python3.9/site-packages/django/db/models/sql/compiler.py", line 1822, in execute_sql
    cursor.execute(sql, params)
  File "/home/genma/aunshop/venv/lib/python3.9/site-packages/django/db/backends/utils.py", line 102, in execute
    return super().execute(sql, params)
  File "/home/genma/aunshop/venv/lib/python3.9/site-packages/django/db/backends/utils.py", line 67, in execute
    return self._execute_with_wrappers(
  File "/home/genma/aunshop/venv/lib/python3.9/site-packages/django/db/backends/utils.py", line 80, in _execute_with_wrappers
    return executor(sql, params, many, context)
  File "/home/genma/aunshop/venv/lib/python3.9/site-packages/django/db/backends/utils.py", line 89, in _execute
    return self.cursor.execute(sql, params)
  File "/home/genma/aunshop/venv/lib/python3.9/site-packages/django/db/utils.py", line 91, in __exit__
    raise dj_exc_value.with_traceback(traceback) from exc_value
  File "/home/genma/aunshop/venv/lib/python3.9/site-packages/django/db/backends/utils.py", line 89, in _execute
    return self.cursor.execute(sql, params)
django.db.utils.IntegrityError: null value in column "user_id" of relation "users_emailconfirmationcode" violates not-null constraint
DETAIL:  Failing row contains (1, alisultv04@gmail.com, 311433, 2025-07-10 17:22:08.971617+00, f, null).

Internal Server Error: /api/email/send-code/
Traceback (most recent call last):
  File "/home/genma/aunshop/venv/lib/python3.9/site-packages/django/db/models/query.py", line 916, in get_or_create
    return self.get(**kwargs), False
  File "/home/genma/aunshop/venv/lib/python3.9/site-packages/django/db/models/query.py", line 637, in get
    raise self.model.DoesNotExist(
users.models.EmailConfirmationCode.DoesNotExist: EmailConfirmationCode matching query does not exist.

During handling of the above exception, another exception occurred:

Traceback (most recent call last):
  File "/home/genma/aunshop/venv/lib/python3.9/site-packages/django/db/backends/utils.py", line 89, in _execute
    return self.cursor.execute(sql, params)
psycopg2.errors.NotNullViolation: null value in column "user_id" of relation "users_emailconfirmationcode" violates not-null constraint
DETAIL:  Failing row contains (2, alisultv04@gmail.com, 235976, 2025-07-10 17:22:36.235769+00, f, null).


The above exception was the direct cause of the following exception:

Traceback (most recent call last):
  File "/home/genma/aunshop/venv/lib/python3.9/site-packages/django/core/handlers/exception.py", line 55, in inner
    response = get_response(request)
  File "/home/genma/aunshop/venv/lib/python3.9/site-packages/django/core/handlers/base.py", line 197, in _get_response
    response = wrapped_callback(request, *callback_args, **callback_kwargs)
  File "/home/genma/aunshop/venv/lib/python3.9/site-packages/django/views/decorators/csrf.py", line 56, in wrapper_view
    return view_func(*args, **kwargs)
  File "/home/genma/aunshop/venv/lib/python3.9/site-packages/django/views/generic/base.py", line 105, in view
    return self.dispatch(request, *args, **kwargs)
  File "/home/genma/aunshop/venv/lib/python3.9/site-packages/rest_framework/views.py", line 515, in dispatch
    response = self.handle_exception(exc)
  File "/home/genma/aunshop/venv/lib/python3.9/site-packages/rest_framework/views.py", line 475, in handle_exception
    self.raise_uncaught_exception(exc)
  File "/home/genma/aunshop/venv/lib/python3.9/site-packages/rest_framework/views.py", line 486, in raise_uncaught_exception
    raise exc
  File "/home/genma/aunshop/venv/lib/python3.9/site-packages/rest_framework/views.py", line 512, in dispatch
    response = handler(request, *args, **kwargs)
  File "/home/genma/aunshop/users/views.py", line 79, in post
    EmailConfirmationCode.objects.update_or_create(
  File "/home/genma/aunshop/venv/lib/python3.9/site-packages/django/db/models/manager.py", line 87, in manager_method
    return getattr(self.get_queryset(), name)(*args, **kwargs)
  File "/home/genma/aunshop/venv/lib/python3.9/site-packages/django/db/models/query.py", line 949, in update_or_create
    obj, created = self.select_for_update().get_or_create(defaults, **kwargs)
  File "/home/genma/aunshop/venv/lib/python3.9/site-packages/django/db/models/query.py", line 923, in get_or_create
    return self.create(**params), True
  File "/home/genma/aunshop/venv/lib/python3.9/site-packages/django/db/models/query.py", line 658, in create
    obj.save(force_insert=True, using=self.db)
  File "/home/genma/aunshop/venv/lib/python3.9/site-packages/django/db/models/base.py", line 814, in save
    self.save_base(
  File "/home/genma/aunshop/venv/lib/python3.9/site-packages/django/db/models/base.py", line 877, in save_base
    updated = self._save_table(
  File "/home/genma/aunshop/venv/lib/python3.9/site-packages/django/db/models/base.py", line 1020, in _save_table
    results = self._do_insert(
  File "/home/genma/aunshop/venv/lib/python3.9/site-packages/django/db/models/base.py", line 1061, in _do_insert
    return manager._insert(
  File "/home/genma/aunshop/venv/lib/python3.9/site-packages/django/db/models/manager.py", line 87, in manager_method
    return getattr(self.get_queryset(), name)(*args, **kwargs)
  File "/home/genma/aunshop/venv/lib/python3.9/site-packages/django/db/models/query.py", line 1805, in _insert
    return query.get_compiler(using=using).execute_sql(returning_fields)
  File "/home/genma/aunshop/venv/lib/python3.9/site-packages/django/db/models/sql/compiler.py", line 1822, in execute_sql
    cursor.execute(sql, params)
  File "/home/genma/aunshop/venv/lib/python3.9/site-packages/django/db/backends/utils.py", line 102, in execute
    return super().execute(sql, params)
  File "/home/genma/aunshop/venv/lib/python3.9/site-packages/django/db/backends/utils.py", line 67, in execute
    return self._execute_with_wrappers(
  File "/home/genma/aunshop/venv/lib/python3.9/site-packages/django/db/backends/utils.py", line 80, in _execute_with_wrappers
    return executor(sql, params, many, context)
  File "/home/genma/aunshop/venv/lib/python3.9/site-packages/django/db/backends/utils.py", line 89, in _execute
    return self.cursor.execute(sql, params)
  File "/home/genma/aunshop/venv/lib/python3.9/site-packages/django/db/utils.py", line 91, in __exit__
    raise dj_exc_value.with_traceback(traceback) from exc_value
  File "/home/genma/aunshop/venv/lib/python3.9/site-packages/django/db/backends/utils.py", line 89, in _execute
    return self.cursor.execute(sql, params)
django.db.utils.IntegrityError: null value in column "user_id" of relation "users_emailconfirmationcode" violates not-null constraint
DETAIL:  Failing row contains (2, alisultv04@gmail.com, 235976, 2025-07-10 17:22:36.235769+00, f, null).

Internal Server Error: /api/password/send-code/
Traceback (most recent call last):
  File "/home/genma/aunshop/venv/lib/python3.9/site-packages/django/core/handlers/exception.py", line 55, in inner
    response = get_response(request)
  File "/home/genma/aunshop/venv/lib/python3.9/site-packages/django/core/handlers/base.py", line 197, in _get_response
    response = wrapped_callback(request, *callback_args, **callback_kwargs)
  File "/home/genma/aunshop/venv/lib/python3.9/site-packages/django/views/decorators/csrf.py", line 56, in wrapper_view
    return view_func(*args, **kwargs)
  File "/home/genma/aunshop/venv/lib/python3.9/site-packages/django/views/generic/base.py", line 105, in view
    return self.dispatch(request, *args, **kwargs)
  File "/home/genma/aunshop/venv/lib/python3.9/site-packages/rest_framework/views.py", line 515, in dispatch
    response = self.handle_exception(exc)
  File "/home/genma/aunshop/venv/lib/python3.9/site-packages/rest_framework/views.py", line 475, in handle_exception
    self.raise_uncaught_exception(exc)
  File "/home/genma/aunshop/venv/lib/python3.9/site-packages/rest_framework/views.py", line 486, in raise_uncaught_exception
    raise exc
  File "/home/genma/aunshop/venv/lib/python3.9/site-packages/rest_framework/views.py", line 512, in dispatch
    response = handler(request, *args, **kwargs)
  File "/home/genma/aunshop/users/views.py", line 128, in post
    send_mail(
  File "/home/genma/aunshop/venv/lib/python3.9/site-packages/django/core/mail/__init__.py", line 87, in send_mail
    return mail.send()
  File "/home/genma/aunshop/venv/lib/python3.9/site-packages/django/core/mail/message.py", line 299, in send
    return self.get_connection(fail_silently).send_messages([self])
  File "/home/genma/aunshop/venv/lib/python3.9/site-packages/django/core/mail/backends/smtp.py", line 127, in send_messages
    new_conn_created = self.open()
  File "/home/genma/aunshop/venv/lib/python3.9/site-packages/django/core/mail/backends/smtp.py", line 85, in open
    self.connection = self.connection_class(
  File "/usr/lib/python3.9/smtplib.py", line 253, in __init__
    (code, msg) = self.connect(host, port)
  File "/usr/lib/python3.9/smtplib.py", line 339, in connect
    self.sock = self._get_socket(host, port, self.timeout)
  File "/usr/lib/python3.9/smtplib.py", line 310, in _get_socket
    return socket.create_connection((host, port), timeout,
  File "/usr/lib/python3.9/socket.py", line 843, in create_connection
    raise err
  File "/usr/lib/python3.9/socket.py", line 831, in create_connection
    sock.connect(sa)
OSError: [Errno 101] Network is unreachable
Internal Server Error: /api/password/send-code/
Traceback (most recent call last):
  File "/home/genma/aunshop/venv/lib/python3.9/site-packages/django/core/handlers/exception.py", line 55, in inner
    response = get_response(request)
  File "/home/genma/aunshop/venv/lib/python3.9/site-packages/django/core/handlers/base.py", line 197, in _get_response
    response = wrapped_callback(request, *callback_args, **callback_kwargs)
  File "/home/genma/aunshop/venv/lib/python3.9/site-packages/django/views/decorators/csrf.py", line 56, in wrapper_view
    return view_func(*args, **kwargs)
  File "/home/genma/aunshop/venv/lib/python3.9/site-packages/django/views/generic/base.py", line 105, in view
    return self.dispatch(request, *args, **kwargs)
  File "/home/genma/aunshop/venv/lib/python3.9/site-packages/rest_framework/views.py", line 515, in dispatch
    response = self.handle_exception(exc)
  File "/home/genma/aunshop/venv/lib/python3.9/site-packages/rest_framework/views.py", line 475, in handle_exception
    self.raise_uncaught_exception(exc)
  File "/home/genma/aunshop/venv/lib/python3.9/site-packages/rest_framework/views.py", line 486, in raise_uncaught_exception
    raise exc
  File "/home/genma/aunshop/venv/lib/python3.9/site-packages/rest_framework/views.py", line 512, in dispatch
    response = handler(request, *args, **kwargs)
  File "/home/genma/aunshop/users/views.py", line 128, in post
    send_mail(
  File "/home/genma/aunshop/venv/lib/python3.9/site-packages/django/core/mail/__init__.py", line 87, in send_mail
    return mail.send()
  File "/home/genma/aunshop/venv/lib/python3.9/site-packages/django/core/mail/message.py", line 299, in send
    return self.get_connection(fail_silently).send_messages([self])
  File "/home/genma/aunshop/venv/lib/python3.9/site-packages/django/core/mail/backends/smtp.py", line 127, in send_messages
    new_conn_created = self.open()
  File "/home/genma/aunshop/venv/lib/python3.9/site-packages/django/core/mail/backends/smtp.py", line 85, in open
    self.connection = self.connection_class(
  File "/usr/lib/python3.9/smtplib.py", line 253, in __init__
    (code, msg) = self.connect(host, port)
  File "/usr/lib/python3.9/smtplib.py", line 339, in connect
    self.sock = self._get_socket(host, port, self.timeout)
  File "/usr/lib/python3.9/smtplib.py", line 310, in _get_socket
    return socket.create_connection((host, port), timeout,
  File "/usr/lib/python3.9/socket.py", line 843, in create_connection
    raise err
  File "/usr/lib/python3.9/socket.py", line 831, in create_connection
    sock.connect(sa)
OSError: [Errno 101] Network is unreachable
Internal Server Error: /api/fcm-token/
Traceback (most recent call last):
  File "/home/genma/aunshop/venv/lib/python3.9/site-packages/django/core/handlers/exception.py", line 55, in inner
    response = get_response(request)
  File "/home/genma/aunshop/venv/lib/python3.9/site-packages/django/core/handlers/base.py", line 197, in _get_response
    response = wrapped_callback(request, *callback_args, **callback_kwargs)
  File "/home/genma/aunshop/venv/lib/python3.9/site-packages/django/views/decorators/csrf.py", line 56, in wrapper_view
    return view_func(*args, **kwargs)
  File "/home/genma/aunshop/venv/lib/python3.9/site-packages/django/views/generic/base.py", line 105, in view
    return self.dispatch(request, *args, **kwargs)
  File "/home/genma/aunshop/venv/lib/python3.9/site-packages/rest_framework/views.py", line 515, in dispatch
    response = self.handle_exception(exc)
  File "/home/genma/aunshop/venv/lib/python3.9/site-packages/rest_framework/views.py", line 475, in handle_exception
    self.raise_uncaught_exception(exc)
  File "/home/genma/aunshop/venv/lib/python3.9/site-packages/rest_framework/views.py", line 486, in raise_uncaught_exception
    raise exc
  File "/home/genma/aunshop/venv/lib/python3.9/site-packages/rest_framework/views.py", line 512, in dispatch
    response = handler(request, *args, **kwargs)
  File "/home/genma/aunshop/users/views.py", line 63, in post
    request.user.save()
  File "/home/genma/aunshop/venv/lib/python3.9/site-packages/django/contrib/auth/models.py", line 443, in save
    raise NotImplementedError(
NotImplementedError: Django doesn't provide a DB representation for AnonymousUser.
Internal Server Error: /api/fcm-token/
Traceback (most recent call last):
  File "/home/genma/aunshop/venv/lib/python3.9/site-packages/django/core/handlers/exception.py", line 55, in inner
    response = get_response(request)
  File "/home/genma/aunshop/venv/lib/python3.9/site-packages/django/core/handlers/base.py", line 197, in _get_response
    response = wrapped_callback(request, *callback_args, **callback_kwargs)
  File "/home/genma/aunshop/venv/lib/python3.9/site-packages/django/views/decorators/csrf.py", line 56, in wrapper_view
    return view_func(*args, **kwargs)
  File "/home/genma/aunshop/venv/lib/python3.9/site-packages/django/views/generic/base.py", line 105, in view
    return self.dispatch(request, *args, **kwargs)
  File "/home/genma/aunshop/venv/lib/python3.9/site-packages/rest_framework/views.py", line 515, in dispatch
    response = self.handle_exception(exc)
  File "/home/genma/aunshop/venv/lib/python3.9/site-packages/rest_framework/views.py", line 475, in handle_exception
    self.raise_uncaught_exception(exc)
  File "/home/genma/aunshop/venv/lib/python3.9/site-packages/rest_framework/views.py", line 486, in raise_uncaught_exception
    raise exc
  File "/home/genma/aunshop/venv/lib/python3.9/site-packages/rest_framework/views.py", line 512, in dispatch
    response = handler(request, *args, **kwargs)
  File "/home/genma/aunshop/users/views.py", line 63, in post
    request.user.save()
  File "/home/genma/aunshop/venv/lib/python3.9/site-packages/django/contrib/auth/models.py", line 443, in save
    raise NotImplementedError(
NotImplementedError: Django doesn't provide a DB representation for AnonymousUser.
Internal Server Error: /api/fcm-token/
Traceback (most recent call last):
  File "/home/genma/aunshop/venv/lib/python3.9/site-packages/django/core/handlers/exception.py", line 55, in inner
    response = get_response(request)
  File "/home/genma/aunshop/venv/lib/python3.9/site-packages/django/core/handlers/base.py", line 197, in _get_response
    response = wrapped_callback(request, *callback_args, **callback_kwargs)
  File "/home/genma/aunshop/venv/lib/python3.9/site-packages/django/views/decorators/csrf.py", line 56, in wrapper_view
    return view_func(*args, **kwargs)
  File "/home/genma/aunshop/venv/lib/python3.9/site-packages/django/views/generic/base.py", line 105, in view
    return self.dispatch(request, *args, **kwargs)
  File "/home/genma/aunshop/venv/lib/python3.9/site-packages/rest_framework/views.py", line 515, in dispatch
    response = self.handle_exception(exc)
  File "/home/genma/aunshop/venv/lib/python3.9/site-packages/rest_framework/views.py", line 475, in handle_exception
    self.raise_uncaught_exception(exc)
  File "/home/genma/aunshop/venv/lib/python3.9/site-packages/rest_framework/views.py", line 486, in raise_uncaught_exception
    raise exc
  File "/home/genma/aunshop/venv/lib/python3.9/site-packages/rest_framework/views.py", line 512, in dispatch
    response = handler(request, *args, **kwargs)
  File "/home/genma/aunshop/users/views.py", line 63, in post
    request.user.save()
  File "/home/genma/aunshop/venv/lib/python3.9/site-packages/django/contrib/auth/models.py", line 443, in save
    raise NotImplementedError(
NotImplementedError: Django doesn't provide a DB representation for AnonymousUser.
Internal Server Error: /api/fcm-token/
Traceback (most recent call last):
  File "/home/genma/aunshop/venv/lib/python3.9/site-packages/django/core/handlers/exception.py", line 55, in inner
    response = get_response(request)
  File "/home/genma/aunshop/venv/lib/python3.9/site-packages/django/core/handlers/base.py", line 197, in _get_response
    response = wrapped_callback(request, *callback_args, **callback_kwargs)
  File "/home/genma/aunshop/venv/lib/python3.9/site-packages/django/views/decorators/csrf.py", line 56, in wrapper_view
    return view_func(*args, **kwargs)
  File "/home/genma/aunshop/venv/lib/python3.9/site-packages/django/views/generic/base.py", line 105, in view
    return self.dispatch(request, *args, **kwargs)
  File "/home/genma/aunshop/venv/lib/python3.9/site-packages/rest_framework/views.py", line 515, in dispatch
    response = self.handle_exception(exc)
  File "/home/genma/aunshop/venv/lib/python3.9/site-packages/rest_framework/views.py", line 475, in handle_exception
    self.raise_uncaught_exception(exc)
  File "/home/genma/aunshop/venv/lib/python3.9/site-packages/rest_framework/views.py", line 486, in raise_uncaught_exception
    raise exc
  File "/home/genma/aunshop/venv/lib/python3.9/site-packages/rest_framework/views.py", line 512, in dispatch
    response = handler(request, *args, **kwargs)
  File "/home/genma/aunshop/users/views.py", line 63, in post
    request.user.save()
  File "/home/genma/aunshop/venv/lib/python3.9/site-packages/django/contrib/auth/models.py", line 443, in save
    raise NotImplementedError(
NotImplementedError: Django doesn't provide a DB representation for AnonymousUser.
Internal Server Error: /api/fcm-token/
Traceback (most recent call last):
  File "/home/genma/aunshop/venv/lib/python3.9/site-packages/django/core/handlers/exception.py", line 55, in inner
    response = get_response(request)
  File "/home/genma/aunshop/venv/lib/python3.9/site-packages/django/core/handlers/base.py", line 197, in _get_response
    response = wrapped_callback(request, *callback_args, **callback_kwargs)
  File "/home/genma/aunshop/venv/lib/python3.9/site-packages/django/views/decorators/csrf.py", line 56, in wrapper_view
    return view_func(*args, **kwargs)
  File "/home/genma/aunshop/venv/lib/python3.9/site-packages/django/views/generic/base.py", line 105, in view
    return self.dispatch(request, *args, **kwargs)
  File "/home/genma/aunshop/venv/lib/python3.9/site-packages/rest_framework/views.py", line 515, in dispatch
    response = self.handle_exception(exc)
  File "/home/genma/aunshop/venv/lib/python3.9/site-packages/rest_framework/views.py", line 475, in handle_exception
    self.raise_uncaught_exception(exc)
  File "/home/genma/aunshop/venv/lib/python3.9/site-packages/rest_framework/views.py", line 486, in raise_uncaught_exception
    raise exc
  File "/home/genma/aunshop/venv/lib/python3.9/site-packages/rest_framework/views.py", line 512, in dispatch
    response = handler(request, *args, **kwargs)
  File "/home/genma/aunshop/users/views.py", line 63, in post
    request.user.save()
  File "/home/genma/aunshop/venv/lib/python3.9/site-packages/django/contrib/auth/models.py", line 443, in save
    raise NotImplementedError(
NotImplementedError: Django doesn't provide a DB representation for AnonymousUser.
Internal Server Error: /admin/stationery/stationery/add/
Traceback (most recent call last):
  File "/home/genma/aunshop/venv/lib/python3.9/site-packages/firebase_admin/messaging.py", line 487, in send
    resp = self._client.body(
  File "/home/genma/aunshop/venv/lib/python3.9/site-packages/firebase_admin/_http_client.py", line 148, in body
    resp = self.request(method, url, **kwargs)
  File "/home/genma/aunshop/venv/lib/python3.9/site-packages/firebase_admin/_http_client.py", line 136, in request
    resp.raise_for_status()
  File "/home/genma/aunshop/venv/lib/python3.9/site-packages/requests/models.py", line 1026, in raise_for_status
    raise HTTPError(http_error_msg, response=self)
requests.exceptions.HTTPError: 404 Client Error: Not Found for url: https://fcm.googleapis.com/v1/projects/aun-shop/messages:send

During handling of the above exception, another exception occurred:

Traceback (most recent call last):
  File "/home/genma/aunshop/venv/lib/python3.9/site-packages/django/core/handlers/exception.py", line 55, in inner
    response = get_response(request)
  File "/home/genma/aunshop/venv/lib/python3.9/site-packages/django/core/handlers/base.py", line 197, in _get_response
    response = wrapped_callback(request, *callback_args, **callback_kwargs)
  File "/home/genma/aunshop/venv/lib/python3.9/site-packages/django/contrib/admin/options.py", line 688, in wrapper
    return self.admin_site.admin_view(view)(*args, **kwargs)
  File "/home/genma/aunshop/venv/lib/python3.9/site-packages/django/utils/decorators.py", line 134, in _wrapper_view
    response = view_func(request, *args, **kwargs)
  File "/home/genma/aunshop/venv/lib/python3.9/site-packages/django/views/decorators/cache.py", line 62, in _wrapper_view_func
    response = view_func(request, *args, **kwargs)
  File "/home/genma/aunshop/venv/lib/python3.9/site-packages/django/contrib/admin/sites.py", line 242, in inner
    return view(request, *args, **kwargs)
  File "/home/genma/aunshop/venv/lib/python3.9/site-packages/django/contrib/admin/options.py", line 1886, in add_view
    return self.changeform_view(request, None, form_url, extra_context)
  File "/home/genma/aunshop/venv/lib/python3.9/site-packages/django/utils/decorators.py", line 46, in _wrapper
    return bound_method(*args, **kwargs)
  File "/home/genma/aunshop/venv/lib/python3.9/site-packages/django/utils/decorators.py", line 134, in _wrapper_view
    response = view_func(request, *args, **kwargs)
  File "/home/genma/aunshop/venv/lib/python3.9/site-packages/django/contrib/admin/options.py", line 1747, in changeform_view
    return self._changeform_view(request, object_id, form_url, extra_context)
  File "/home/genma/aunshop/venv/lib/python3.9/site-packages/django/contrib/admin/options.py", line 1798, in _changeform_view
    self.save_model(request, new_object, form, not add)
  File "/home/genma/aunshop/venv/lib/python3.9/site-packages/django/contrib/admin/options.py", line 1227, in save_model
    obj.save()
  File "/home/genma/aunshop/venv/lib/python3.9/site-packages/django/db/models/base.py", line 814, in save
    self.save_base(
  File "/home/genma/aunshop/venv/lib/python3.9/site-packages/django/db/models/base.py", line 892, in save_base
    post_save.send(
  File "/home/genma/aunshop/venv/lib/python3.9/site-packages/django/dispatch/dispatcher.py", line 176, in send
    return [
  File "/home/genma/aunshop/venv/lib/python3.9/site-packages/django/dispatch/dispatcher.py", line 177, in <listcomp>
    (receiver, receiver(signal=self, sender=sender, **named))
  File "/home/genma/aunshop/stationery/signals.py", line 18, in notify_users_on_stationery_create
    send_fcm_notification(
  File "/home/genma/aunshop/utils/notifications.py", line 12, in send_fcm_notification
    response = messaging.send(message)
  File "/home/genma/aunshop/venv/lib/python3.9/site-packages/firebase_admin/messaging.py", line 132, in send
    return _get_messaging_service(app).send(message, dry_run)
  File "/home/genma/aunshop/venv/lib/python3.9/site-packages/firebase_admin/messaging.py", line 494, in send
    raise self._handle_fcm_error(error)
firebase_admin._messaging_utils.UnregisteredError: Requested entity was not found.
Internal Server Error: /admin/stationery/stationery/add/
Traceback (most recent call last):
  File "/home/genma/aunshop/venv/lib/python3.9/site-packages/firebase_admin/messaging.py", line 487, in send
    resp = self._client.body(
  File "/home/genma/aunshop/venv/lib/python3.9/site-packages/firebase_admin/_http_client.py", line 148, in body
    resp = self.request(method, url, **kwargs)
  File "/home/genma/aunshop/venv/lib/python3.9/site-packages/firebase_admin/_http_client.py", line 136, in request
    resp.raise_for_status()
  File "/home/genma/aunshop/venv/lib/python3.9/site-packages/requests/models.py", line 1026, in raise_for_status
    raise HTTPError(http_error_msg, response=self)
requests.exceptions.HTTPError: 404 Client Error: Not Found for url: https://fcm.googleapis.com/v1/projects/aun-shop/messages:send

During handling of the above exception, another exception occurred:

Traceback (most recent call last):
  File "/home/genma/aunshop/venv/lib/python3.9/site-packages/django/core/handlers/exception.py", line 55, in inner
    response = get_response(request)
  File "/home/genma/aunshop/venv/lib/python3.9/site-packages/django/core/handlers/base.py", line 197, in _get_response
    response = wrapped_callback(request, *callback_args, **callback_kwargs)
  File "/home/genma/aunshop/venv/lib/python3.9/site-packages/django/contrib/admin/options.py", line 688, in wrapper
    return self.admin_site.admin_view(view)(*args, **kwargs)
  File "/home/genma/aunshop/venv/lib/python3.9/site-packages/django/utils/decorators.py", line 134, in _wrapper_view
    response = view_func(request, *args, **kwargs)
  File "/home/genma/aunshop/venv/lib/python3.9/site-packages/django/views/decorators/cache.py", line 62, in _wrapper_view_func
    response = view_func(request, *args, **kwargs)
  File "/home/genma/aunshop/venv/lib/python3.9/site-packages/django/contrib/admin/sites.py", line 242, in inner
    return view(request, *args, **kwargs)
  File "/home/genma/aunshop/venv/lib/python3.9/site-packages/django/contrib/admin/options.py", line 1886, in add_view
    return self.changeform_view(request, None, form_url, extra_context)
  File "/home/genma/aunshop/venv/lib/python3.9/site-packages/django/utils/decorators.py", line 46, in _wrapper
    return bound_method(*args, **kwargs)
  File "/home/genma/aunshop/venv/lib/python3.9/site-packages/django/utils/decorators.py", line 134, in _wrapper_view
    response = view_func(request, *args, **kwargs)
  File "/home/genma/aunshop/venv/lib/python3.9/site-packages/django/contrib/admin/options.py", line 1747, in changeform_view
    return self._changeform_view(request, object_id, form_url, extra_context)
  File "/home/genma/aunshop/venv/lib/python3.9/site-packages/django/contrib/admin/options.py", line 1798, in _changeform_view
    self.save_model(request, new_object, form, not add)
  File "/home/genma/aunshop/venv/lib/python3.9/site-packages/django/contrib/admin/options.py", line 1227, in save_model
    obj.save()
  File "/home/genma/aunshop/venv/lib/python3.9/site-packages/django/db/models/base.py", line 814, in save
    self.save_base(
  File "/home/genma/aunshop/venv/lib/python3.9/site-packages/django/db/models/base.py", line 892, in save_base
    post_save.send(
  File "/home/genma/aunshop/venv/lib/python3.9/site-packages/django/dispatch/dispatcher.py", line 176, in send
    return [
  File "/home/genma/aunshop/venv/lib/python3.9/site-packages/django/dispatch/dispatcher.py", line 177, in <listcomp>
    (receiver, receiver(signal=self, sender=sender, **named))
  File "/home/genma/aunshop/stationery/signals.py", line 18, in notify_users_on_stationery_create
    send_fcm_notification(
  File "/home/genma/aunshop/utils/notifications.py", line 12, in send_fcm_notification
    response = messaging.send(message)
  File "/home/genma/aunshop/venv/lib/python3.9/site-packages/firebase_admin/messaging.py", line 132, in send
    return _get_messaging_service(app).send(message, dry_run)
  File "/home/genma/aunshop/venv/lib/python3.9/site-packages/firebase_admin/messaging.py", line 494, in send
    raise self._handle_fcm_error(error)
firebase_admin._messaging_utils.UnregisteredError: Requested entity was not found.
Invalid HTTP_HOST header: 'fastkan.ru'. You may need to add 'fastkan.ru' to ALLOWED_HOSTS.
Traceback (most recent call last):
  File "/home/genma/aunshop/venv/lib/python3.9/site-packages/django/core/handlers/exception.py", line 55, in inner
    response = get_response(request)
  File "/home/genma/aunshop/venv/lib/python3.9/site-packages/django/utils/deprecation.py", line 133, in __call__
    response = self.process_request(request)
  File "/home/genma/aunshop/venv/lib/python3.9/site-packages/django/middleware/common.py", line 48, in process_request
    host = request.get_host()
  File "/home/genma/aunshop/venv/lib/python3.9/site-packages/django/http/request.py", line 150, in get_host
    raise DisallowedHost(msg)
django.core.exceptions.DisallowedHost: Invalid HTTP_HOST header: 'fastkan.ru'. You may need to add 'fastkan.ru' to ALLOWED_HOSTS.
Internal Server Error: /api/email/send-code/
Traceback (most recent call last):
  File "/home/genma/aunshop/venv/lib/python3.9/site-packages/django/core/handlers/exception.py", line 55, in inner
    response = get_response(request)
  File "/home/genma/aunshop/venv/lib/python3.9/site-packages/django/core/handlers/base.py", line 197, in _get_response
    response = wrapped_callback(request, *callback_args, **callback_kwargs)
  File "/home/genma/aunshop/venv/lib/python3.9/site-packages/django/views/decorators/csrf.py", line 56, in wrapper_view
    return view_func(*args, **kwargs)
  File "/home/genma/aunshop/venv/lib/python3.9/site-packages/django/views/generic/base.py", line 105, in view
    return self.dispatch(request, *args, **kwargs)
  File "/home/genma/aunshop/venv/lib/python3.9/site-packages/rest_framework/views.py", line 515, in dispatch
    response = self.handle_exception(exc)
  File "/home/genma/aunshop/venv/lib/python3.9/site-packages/rest_framework/views.py", line 475, in handle_exception
    self.raise_uncaught_exception(exc)
  File "/home/genma/aunshop/venv/lib/python3.9/site-packages/rest_framework/views.py", line 486, in raise_uncaught_exception
    raise exc
  File "/home/genma/aunshop/venv/lib/python3.9/site-packages/rest_framework/views.py", line 512, in dispatch
    response = handler(request, *args, **kwargs)
  File "/home/genma/aunshop/users/views.py", line 79, in post
    EmailConfirmationCode.objects.update_or_create(
  File "/home/genma/aunshop/venv/lib/python3.9/site-packages/django/db/models/manager.py", line 87, in manager_method
    return getattr(self.get_queryset(), name)(*args, **kwargs)
  File "/home/genma/aunshop/venv/lib/python3.9/site-packages/django/db/models/query.py", line 949, in update_or_create
    obj, created = self.select_for_update().get_or_create(defaults, **kwargs)
  File "/home/genma/aunshop/venv/lib/python3.9/site-packages/django/db/models/query.py", line 916, in get_or_create
    return self.get(**kwargs), False
  File "/home/genma/aunshop/venv/lib/python3.9/site-packages/django/db/models/query.py", line 640, in get
    raise self.model.MultipleObjectsReturned(
users.models.EmailConfirmationCode.MultipleObjectsReturned: get() returned more than one EmailConfirmationCode -- it returned more than 20!
Internal Server Error: /api/email/send-code/
Traceback (most recent call last):
  File "/home/genma/aunshop/venv/lib/python3.9/site-packages/django/core/handlers/exception.py", line 55, in inner
    response = get_response(request)
  File "/home/genma/aunshop/venv/lib/python3.9/site-packages/django/core/handlers/base.py", line 197, in _get_response
    response = wrapped_callback(request, *callback_args, **callback_kwargs)
  File "/home/genma/aunshop/venv/lib/python3.9/site-packages/django/views/decorators/csrf.py", line 56, in wrapper_view
    return view_func(*args, **kwargs)
  File "/home/genma/aunshop/venv/lib/python3.9/site-packages/django/views/generic/base.py", line 105, in view
    return self.dispatch(request, *args, **kwargs)
  File "/home/genma/aunshop/venv/lib/python3.9/site-packages/rest_framework/views.py", line 515, in dispatch
    response = self.handle_exception(exc)
  File "/home/genma/aunshop/venv/lib/python3.9/site-packages/rest_framework/views.py", line 475, in handle_exception
    self.raise_uncaught_exception(exc)
  File "/home/genma/aunshop/venv/lib/python3.9/site-packages/rest_framework/views.py", line 486, in raise_uncaught_exception
    raise exc
  File "/home/genma/aunshop/venv/lib/python3.9/site-packages/rest_framework/views.py", line 512, in dispatch
    response = handler(request, *args, **kwargs)
  File "/home/genma/aunshop/users/views.py", line 79, in post
    EmailConfirmationCode.objects.update_or_create(
  File "/home/genma/aunshop/venv/lib/python3.9/site-packages/django/db/models/manager.py", line 87, in manager_method
    return getattr(self.get_queryset(), name)(*args, **kwargs)
  File "/home/genma/aunshop/venv/lib/python3.9/site-packages/django/db/models/query.py", line 949, in update_or_create
    obj, created = self.select_for_update().get_or_create(defaults, **kwargs)
  File "/home/genma/aunshop/venv/lib/python3.9/site-packages/django/db/models/query.py", line 916, in get_or_create
    return self.get(**kwargs), False
  File "/home/genma/aunshop/venv/lib/python3.9/site-packages/django/db/models/query.py", line 640, in get
    raise self.model.MultipleObjectsReturned(
users.models.EmailConfirmationCode.MultipleObjectsReturned: get() returned more than one EmailConfirmationCode -- it returned more than 20!
Internal Server Error: /api/email/send-code/
Traceback (most recent call last):
  File "/home/genma/aunshop/venv/lib/python3.9/site-packages/django/core/handlers/exception.py", line 55, in inner
    response = get_response(request)
  File "/home/genma/aunshop/venv/lib/python3.9/site-packages/django/core/handlers/base.py", line 197, in _get_response
    response = wrapped_callback(request, *callback_args, **callback_kwargs)
  File "/home/genma/aunshop/venv/lib/python3.9/site-packages/django/views/decorators/csrf.py", line 56, in wrapper_view
    return view_func(*args, **kwargs)
  File "/home/genma/aunshop/venv/lib/python3.9/site-packages/django/views/generic/base.py", line 105, in view
    return self.dispatch(request, *args, **kwargs)
  File "/home/genma/aunshop/venv/lib/python3.9/site-packages/rest_framework/views.py", line 515, in dispatch
    response = self.handle_exception(exc)
  File "/home/genma/aunshop/venv/lib/python3.9/site-packages/rest_framework/views.py", line 475, in handle_exception
    self.raise_uncaught_exception(exc)
  File "/home/genma/aunshop/venv/lib/python3.9/site-packages/rest_framework/views.py", line 486, in raise_uncaught_exception
    raise exc
  File "/home/genma/aunshop/venv/lib/python3.9/site-packages/rest_framework/views.py", line 512, in dispatch
    response = handler(request, *args, **kwargs)
  File "/home/genma/aunshop/users/views.py", line 79, in post
    EmailConfirmationCode.objects.update_or_create(
  File "/home/genma/aunshop/venv/lib/python3.9/site-packages/django/db/models/manager.py", line 87, in manager_method
    return getattr(self.get_queryset(), name)(*args, **kwargs)
  File "/home/genma/aunshop/venv/lib/python3.9/site-packages/django/db/models/query.py", line 949, in update_or_create
    obj, created = self.select_for_update().get_or_create(defaults, **kwargs)
  File "/home/genma/aunshop/venv/lib/python3.9/site-packages/django/db/models/query.py", line 916, in get_or_create
    return self.get(**kwargs), False
  File "/home/genma/aunshop/venv/lib/python3.9/site-packages/django/db/models/query.py", line 640, in get
    raise self.model.MultipleObjectsReturned(
users.models.EmailConfirmationCode.MultipleObjectsReturned: get() returned more than one EmailConfirmationCode -- it returned more than 20!
Internal Server Error: /api/email/send-code/
Traceback (most recent call last):
  File "/home/genma/aunshop/venv/lib/python3.9/site-packages/django/core/handlers/exception.py", line 55, in inner
    response = get_response(request)
  File "/home/genma/aunshop/venv/lib/python3.9/site-packages/django/core/handlers/base.py", line 197, in _get_response
    response = wrapped_callback(request, *callback_args, **callback_kwargs)
  File "/home/genma/aunshop/venv/lib/python3.9/site-packages/django/views/decorators/csrf.py", line 56, in wrapper_view
    return view_func(*args, **kwargs)
  File "/home/genma/aunshop/venv/lib/python3.9/site-packages/django/views/generic/base.py", line 105, in view
    return self.dispatch(request, *args, **kwargs)
  File "/home/genma/aunshop/venv/lib/python3.9/site-packages/rest_framework/views.py", line 515, in dispatch
    response = self.handle_exception(exc)
  File "/home/genma/aunshop/venv/lib/python3.9/site-packages/rest_framework/views.py", line 475, in handle_exception
    self.raise_uncaught_exception(exc)
  File "/home/genma/aunshop/venv/lib/python3.9/site-packages/rest_framework/views.py", line 486, in raise_uncaught_exception
    raise exc
  File "/home/genma/aunshop/venv/lib/python3.9/site-packages/rest_framework/views.py", line 512, in dispatch
    response = handler(request, *args, **kwargs)
  File "/home/genma/aunshop/users/views.py", line 79, in post
    EmailConfirmationCode.objects.update_or_create(
  File "/home/genma/aunshop/venv/lib/python3.9/site-packages/django/db/models/manager.py", line 87, in manager_method
    return getattr(self.get_queryset(), name)(*args, **kwargs)
  File "/home/genma/aunshop/venv/lib/python3.9/site-packages/django/db/models/query.py", line 949, in update_or_create
    obj, created = self.select_for_update().get_or_create(defaults, **kwargs)
  File "/home/genma/aunshop/venv/lib/python3.9/site-packages/django/db/models/query.py", line 916, in get_or_create
    return self.get(**kwargs), False
  File "/home/genma/aunshop/venv/lib/python3.9/site-packages/django/db/models/query.py", line 640, in get
    raise self.model.MultipleObjectsReturned(
users.models.EmailConfirmationCode.MultipleObjectsReturned: get() returned more than one EmailConfirmationCode -- it returned more than 20!
Internal Server Error: /api/email/send-code/
Traceback (most recent call last):
  File "/home/genma/aunshop/venv/lib/python3.9/site-packages/django/core/handlers/exception.py", line 55, in inner
    response = get_response(request)
  File "/home/genma/aunshop/venv/lib/python3.9/site-packages/django/core/handlers/base.py", line 197, in _get_response
    response = wrapped_callback(request, *callback_args, **callback_kwargs)
  File "/home/genma/aunshop/venv/lib/python3.9/site-packages/django/views/decorators/csrf.py", line 56, in wrapper_view
    return view_func(*args, **kwargs)
  File "/home/genma/aunshop/venv/lib/python3.9/site-packages/django/views/generic/base.py", line 105, in view
    return self.dispatch(request, *args, **kwargs)
  File "/home/genma/aunshop/venv/lib/python3.9/site-packages/rest_framework/views.py", line 515, in dispatch
    response = self.handle_exception(exc)
  File "/home/genma/aunshop/venv/lib/python3.9/site-packages/rest_framework/views.py", line 475, in handle_exception
    self.raise_uncaught_exception(exc)
  File "/home/genma/aunshop/venv/lib/python3.9/site-packages/rest_framework/views.py", line 486, in raise_uncaught_exception
    raise exc
  File "/home/genma/aunshop/venv/lib/python3.9/site-packages/rest_framework/views.py", line 512, in dispatch
    response = handler(request, *args, **kwargs)
  File "/home/genma/aunshop/users/views.py", line 79, in post
    EmailConfirmationCode.objects.update_or_create(
  File "/home/genma/aunshop/venv/lib/python3.9/site-packages/django/db/models/manager.py", line 87, in manager_method
    return getattr(self.get_queryset(), name)(*args, **kwargs)
  File "/home/genma/aunshop/venv/lib/python3.9/site-packages/django/db/models/query.py", line 949, in update_or_create
    obj, created = self.select_for_update().get_or_create(defaults, **kwargs)
  File "/home/genma/aunshop/venv/lib/python3.9/site-packages/django/db/models/query.py", line 916, in get_or_create
    return self.get(**kwargs), False
  File "/home/genma/aunshop/venv/lib/python3.9/site-packages/django/db/models/query.py", line 640, in get
    raise self.model.MultipleObjectsReturned(
users.models.EmailConfirmationCode.MultipleObjectsReturned: get() returned more than one EmailConfirmationCode -- it returned more than 20!
Internal Server Error: /api/email/send-code/
Traceback (most recent call last):
  File "/home/genma/aunshop/venv/lib/python3.9/site-packages/django/core/handlers/exception.py", line 55, in inner
    response = get_response(request)
  File "/home/genma/aunshop/venv/lib/python3.9/site-packages/django/core/handlers/base.py", line 197, in _get_response
    response = wrapped_callback(request, *callback_args, **callback_kwargs)
  File "/home/genma/aunshop/venv/lib/python3.9/site-packages/django/views/decorators/csrf.py", line 56, in wrapper_view
    return view_func(*args, **kwargs)
  File "/home/genma/aunshop/venv/lib/python3.9/site-packages/django/views/generic/base.py", line 105, in view
    return self.dispatch(request, *args, **kwargs)
  File "/home/genma/aunshop/venv/lib/python3.9/site-packages/rest_framework/views.py", line 515, in dispatch
    response = self.handle_exception(exc)
  File "/home/genma/aunshop/venv/lib/python3.9/site-packages/rest_framework/views.py", line 475, in handle_exception
    self.raise_uncaught_exception(exc)
  File "/home/genma/aunshop/venv/lib/python3.9/site-packages/rest_framework/views.py", line 486, in raise_uncaught_exception
    raise exc
  File "/home/genma/aunshop/venv/lib/python3.9/site-packages/rest_framework/views.py", line 512, in dispatch
    response = handler(request, *args, **kwargs)
  File "/home/genma/aunshop/users/views.py", line 79, in post
    EmailConfirmationCode.objects.update_or_create(
  File "/home/genma/aunshop/venv/lib/python3.9/site-packages/django/db/models/manager.py", line 87, in manager_method
    return getattr(self.get_queryset(), name)(*args, **kwargs)
  File "/home/genma/aunshop/venv/lib/python3.9/site-packages/django/db/models/query.py", line 949, in update_or_create
    obj, created = self.select_for_update().get_or_create(defaults, **kwargs)
  File "/home/genma/aunshop/venv/lib/python3.9/site-packages/django/db/models/query.py", line 916, in get_or_create
    return self.get(**kwargs), False
  File "/home/genma/aunshop/venv/lib/python3.9/site-packages/django/db/models/query.py", line 640, in get
    raise self.model.MultipleObjectsReturned(
users.models.EmailConfirmationCode.MultipleObjectsReturned: get() returned more than one EmailConfirmationCode -- it returned more than 20!
Internal Server Error: /api/email/send-code/
Traceback (most recent call last):
  File "/home/genma/aunshop/venv/lib/python3.9/site-packages/django/core/handlers/exception.py", line 55, in inner
    response = get_response(request)
  File "/home/genma/aunshop/venv/lib/python3.9/site-packages/django/core/handlers/base.py", line 197, in _get_response
    response = wrapped_callback(request, *callback_args, **callback_kwargs)
  File "/home/genma/aunshop/venv/lib/python3.9/site-packages/django/views/decorators/csrf.py", line 56, in wrapper_view
    return view_func(*args, **kwargs)
  File "/home/genma/aunshop/venv/lib/python3.9/site-packages/django/views/generic/base.py", line 105, in view
    return self.dispatch(request, *args, **kwargs)
  File "/home/genma/aunshop/venv/lib/python3.9/site-packages/rest_framework/views.py", line 515, in dispatch
    response = self.handle_exception(exc)
  File "/home/genma/aunshop/venv/lib/python3.9/site-packages/rest_framework/views.py", line 475, in handle_exception
    self.raise_uncaught_exception(exc)
  File "/home/genma/aunshop/venv/lib/python3.9/site-packages/rest_framework/views.py", line 486, in raise_uncaught_exception
    raise exc
  File "/home/genma/aunshop/venv/lib/python3.9/site-packages/rest_framework/views.py", line 512, in dispatch
    response = handler(request, *args, **kwargs)
  File "/home/genma/aunshop/users/views.py", line 79, in post
    EmailConfirmationCode.objects.update_or_create(
  File "/home/genma/aunshop/venv/lib/python3.9/site-packages/django/db/models/manager.py", line 87, in manager_method
    return getattr(self.get_queryset(), name)(*args, **kwargs)
  File "/home/genma/aunshop/venv/lib/python3.9/site-packages/django/db/models/query.py", line 949, in update_or_create
    obj, created = self.select_for_update().get_or_create(defaults, **kwargs)
  File "/home/genma/aunshop/venv/lib/python3.9/site-packages/django/db/models/query.py", line 916, in get_or_create
    return self.get(**kwargs), False
  File "/home/genma/aunshop/venv/lib/python3.9/site-packages/django/db/models/query.py", line 640, in get
    raise self.model.MultipleObjectsReturned(
users.models.EmailConfirmationCode.MultipleObjectsReturned: get() returned more than one EmailConfirmationCode -- it returned more than 20!
Invalid HTTP_HOST header: 'fastkan.ru'. You may need to add 'fastkan.ru' to ALLOWED_HOSTS.
Traceback (most recent call last):
  File "/home/genma/aunshop/venv/lib/python3.9/site-packages/django/core/handlers/exception.py", line 55, in inner
    response = get_response(request)
  File "/home/genma/aunshop/venv/lib/python3.9/site-packages/django/utils/deprecation.py", line 133, in __call__
    response = self.process_request(request)
  File "/home/genma/aunshop/venv/lib/python3.9/site-packages/django/middleware/common.py", line 48, in process_request
    host = request.get_host()
  File "/home/genma/aunshop/venv/lib/python3.9/site-packages/django/http/request.py", line 150, in get_host
    raise DisallowedHost(msg)
django.core.exceptions.DisallowedHost: Invalid HTTP_HOST header: 'fastkan.ru'. You may need to add 'fastkan.ru' to ALLOWED_HOSTS.
Internal Server Error: /api/email/send-code/
Traceback (most recent call last):
  File "/home/genma/aunshop/venv/lib/python3.9/site-packages/django/core/handlers/exception.py", line 55, in inner
    response = get_response(request)
  File "/home/genma/aunshop/venv/lib/python3.9/site-packages/django/core/handlers/base.py", line 197, in _get_response
    response = wrapped_callback(request, *callback_args, **callback_kwargs)
  File "/home/genma/aunshop/venv/lib/python3.9/site-packages/django/views/decorators/csrf.py", line 56, in wrapper_view
    return view_func(*args, **kwargs)
  File "/home/genma/aunshop/venv/lib/python3.9/site-packages/django/views/generic/base.py", line 105, in view
    return self.dispatch(request, *args, **kwargs)
  File "/home/genma/aunshop/venv/lib/python3.9/site-packages/rest_framework/views.py", line 515, in dispatch
    response = self.handle_exception(exc)
  File "/home/genma/aunshop/venv/lib/python3.9/site-packages/rest_framework/views.py", line 475, in handle_exception
    self.raise_uncaught_exception(exc)
  File "/home/genma/aunshop/venv/lib/python3.9/site-packages/rest_framework/views.py", line 486, in raise_uncaught_exception
    raise exc
  File "/home/genma/aunshop/venv/lib/python3.9/site-packages/rest_framework/views.py", line 512, in dispatch
    response = handler(request, *args, **kwargs)
  File "/home/genma/aunshop/users/views.py", line 79, in post
    EmailConfirmationCode.objects.update_or_create(
  File "/home/genma/aunshop/venv/lib/python3.9/site-packages/django/db/models/manager.py", line 87, in manager_method
    return getattr(self.get_queryset(), name)(*args, **kwargs)
  File "/home/genma/aunshop/venv/lib/python3.9/site-packages/django/db/models/query.py", line 949, in update_or_create
    obj, created = self.select_for_update().get_or_create(defaults, **kwargs)
  File "/home/genma/aunshop/venv/lib/python3.9/site-packages/django/db/models/query.py", line 916, in get_or_create
    return self.get(**kwargs), False
  File "/home/genma/aunshop/venv/lib/python3.9/site-packages/django/db/models/query.py", line 640, in get
    raise self.model.MultipleObjectsReturned(
users.models.EmailConfirmationCode.MultipleObjectsReturned: get() returned more than one EmailConfirmationCode -- it returned more than 20!
Internal Server Error: /api/email/send-code/
Traceback (most recent call last):
  File "/home/genma/aunshop/venv/lib/python3.9/site-packages/django/core/handlers/exception.py", line 55, in inner
    response = get_response(request)
  File "/home/genma/aunshop/venv/lib/python3.9/site-packages/django/core/handlers/base.py", line 197, in _get_response
    response = wrapped_callback(request, *callback_args, **callback_kwargs)
  File "/home/genma/aunshop/venv/lib/python3.9/site-packages/django/views/decorators/csrf.py", line 56, in wrapper_view
    return view_func(*args, **kwargs)
  File "/home/genma/aunshop/venv/lib/python3.9/site-packages/django/views/generic/base.py", line 105, in view
    return self.dispatch(request, *args, **kwargs)
  File "/home/genma/aunshop/venv/lib/python3.9/site-packages/rest_framework/views.py", line 515, in dispatch
    response = self.handle_exception(exc)
  File "/home/genma/aunshop/venv/lib/python3.9/site-packages/rest_framework/views.py", line 475, in handle_exception
    self.raise_uncaught_exception(exc)
  File "/home/genma/aunshop/venv/lib/python3.9/site-packages/rest_framework/views.py", line 486, in raise_uncaught_exception
    raise exc
  File "/home/genma/aunshop/venv/lib/python3.9/site-packages/rest_framework/views.py", line 512, in dispatch
    response = handler(request, *args, **kwargs)
  File "/home/genma/aunshop/users/views.py", line 79, in post
    EmailConfirmationCode.objects.update_or_create(
  File "/home/genma/aunshop/venv/lib/python3.9/site-packages/django/db/models/manager.py", line 87, in manager_method
    return getattr(self.get_queryset(), name)(*args, **kwargs)
  File "/home/genma/aunshop/venv/lib/python3.9/site-packages/django/db/models/query.py", line 949, in update_or_create
    obj, created = self.select_for_update().get_or_create(defaults, **kwargs)
  File "/home/genma/aunshop/venv/lib/python3.9/site-packages/django/db/models/query.py", line 916, in get_or_create
    return self.get(**kwargs), False
  File "/home/genma/aunshop/venv/lib/python3.9/site-packages/django/db/models/query.py", line 640, in get
    raise self.model.MultipleObjectsReturned(
users.models.EmailConfirmationCode.MultipleObjectsReturned: get() returned more than one EmailConfirmationCode -- it returned more than 20!
Internal Server Error: /api/email/send-code/
Traceback (most recent call last):
  File "/home/genma/aunshop/venv/lib/python3.9/site-packages/django/core/handlers/exception.py", line 55, in inner
    response = get_response(request)
  File "/home/genma/aunshop/venv/lib/python3.9/site-packages/django/core/handlers/base.py", line 197, in _get_response
    response = wrapped_callback(request, *callback_args, **callback_kwargs)
  File "/home/genma/aunshop/venv/lib/python3.9/site-packages/django/views/decorators/csrf.py", line 56, in wrapper_view
    return view_func(*args, **kwargs)
  File "/home/genma/aunshop/venv/lib/python3.9/site-packages/django/views/generic/base.py", line 105, in view
    return self.dispatch(request, *args, **kwargs)
  File "/home/genma/aunshop/venv/lib/python3.9/site-packages/rest_framework/views.py", line 515, in dispatch
    response = self.handle_exception(exc)
  File "/home/genma/aunshop/venv/lib/python3.9/site-packages/rest_framework/views.py", line 475, in handle_exception
    self.raise_uncaught_exception(exc)
  File "/home/genma/aunshop/venv/lib/python3.9/site-packages/rest_framework/views.py", line 486, in raise_uncaught_exception
    raise exc
  File "/home/genma/aunshop/venv/lib/python3.9/site-packages/rest_framework/views.py", line 512, in dispatch
    response = handler(request, *args, **kwargs)
  File "/home/genma/aunshop/users/views.py", line 79, in post
    EmailConfirmationCode.objects.update_or_create(
  File "/home/genma/aunshop/venv/lib/python3.9/site-packages/django/db/models/manager.py", line 87, in manager_method
    return getattr(self.get_queryset(), name)(*args, **kwargs)
  File "/home/genma/aunshop/venv/lib/python3.9/site-packages/django/db/models/query.py", line 949, in update_or_create
    obj, created = self.select_for_update().get_or_create(defaults, **kwargs)
  File "/home/genma/aunshop/venv/lib/python3.9/site-packages/django/db/models/query.py", line 916, in get_or_create
    return self.get(**kwargs), False
  File "/home/genma/aunshop/venv/lib/python3.9/site-packages/django/db/models/query.py", line 640, in get
    raise self.model.MultipleObjectsReturned(
users.models.EmailConfirmationCode.MultipleObjectsReturned: get() returned more than one EmailConfirmationCode -- it returned more than 20!
Internal Server Error: /api/email/send-code/
Traceback (most recent call last):
  File "/home/genma/aunshop/venv/lib/python3.9/site-packages/django/core/handlers/exception.py", line 55, in inner
    response = get_response(request)
  File "/home/genma/aunshop/venv/lib/python3.9/site-packages/django/core/handlers/base.py", line 197, in _get_response
    response = wrapped_callback(request, *callback_args, **callback_kwargs)
  File "/home/genma/aunshop/venv/lib/python3.9/site-packages/django/views/decorators/csrf.py", line 56, in wrapper_view
    return view_func(*args, **kwargs)
  File "/home/genma/aunshop/venv/lib/python3.9/site-packages/django/views/generic/base.py", line 105, in view
    return self.dispatch(request, *args, **kwargs)
  File "/home/genma/aunshop/venv/lib/python3.9/site-packages/rest_framework/views.py", line 515, in dispatch
    response = self.handle_exception(exc)
  File "/home/genma/aunshop/venv/lib/python3.9/site-packages/rest_framework/views.py", line 475, in handle_exception
    self.raise_uncaught_exception(exc)
  File "/home/genma/aunshop/venv/lib/python3.9/site-packages/rest_framework/views.py", line 486, in raise_uncaught_exception
    raise exc
  File "/home/genma/aunshop/venv/lib/python3.9/site-packages/rest_framework/views.py", line 512, in dispatch
    response = handler(request, *args, **kwargs)
  File "/home/genma/aunshop/users/views.py", line 79, in post
    EmailConfirmationCode.objects.update_or_create(
  File "/home/genma/aunshop/venv/lib/python3.9/site-packages/django/db/models/manager.py", line 87, in manager_method
    return getattr(self.get_queryset(), name)(*args, **kwargs)
  File "/home/genma/aunshop/venv/lib/python3.9/site-packages/django/db/models/query.py", line 949, in update_or_create
    obj, created = self.select_for_update().get_or_create(defaults, **kwargs)
  File "/home/genma/aunshop/venv/lib/python3.9/site-packages/django/db/models/query.py", line 916, in get_or_create
    return self.get(**kwargs), False
  File "/home/genma/aunshop/venv/lib/python3.9/site-packages/django/db/models/query.py", line 640, in get
    raise self.model.MultipleObjectsReturned(
users.models.EmailConfirmationCode.MultipleObjectsReturned: get() returned more than one EmailConfirmationCode -- it returned more than 20!
Internal Server Error: /api/email/send-code/
Traceback (most recent call last):
  File "/home/genma/aunshop/venv/lib/python3.9/site-packages/django/core/handlers/exception.py", line 55, in inner
    response = get_response(request)
  File "/home/genma/aunshop/venv/lib/python3.9/site-packages/django/core/handlers/base.py", line 197, in _get_response
    response = wrapped_callback(request, *callback_args, **callback_kwargs)
  File "/home/genma/aunshop/venv/lib/python3.9/site-packages/django/views/decorators/csrf.py", line 56, in wrapper_view
    return view_func(*args, **kwargs)
  File "/home/genma/aunshop/venv/lib/python3.9/site-packages/django/views/generic/base.py", line 105, in view
    return self.dispatch(request, *args, **kwargs)
  File "/home/genma/aunshop/venv/lib/python3.9/site-packages/rest_framework/views.py", line 515, in dispatch
    response = self.handle_exception(exc)
  File "/home/genma/aunshop/venv/lib/python3.9/site-packages/rest_framework/views.py", line 475, in handle_exception
    self.raise_uncaught_exception(exc)
  File "/home/genma/aunshop/venv/lib/python3.9/site-packages/rest_framework/views.py", line 486, in raise_uncaught_exception
    raise exc
  File "/home/genma/aunshop/venv/lib/python3.9/site-packages/rest_framework/views.py", line 512, in dispatch
    response = handler(request, *args, **kwargs)
  File "/home/genma/aunshop/users/views.py", line 79, in post
    EmailConfirmationCode.objects.update_or_create(
  File "/home/genma/aunshop/venv/lib/python3.9/site-packages/django/db/models/manager.py", line 87, in manager_method
    return getattr(self.get_queryset(), name)(*args, **kwargs)
  File "/home/genma/aunshop/venv/lib/python3.9/site-packages/django/db/models/query.py", line 949, in update_or_create
    obj, created = self.select_for_update().get_or_create(defaults, **kwargs)
  File "/home/genma/aunshop/venv/lib/python3.9/site-packages/django/db/models/query.py", line 916, in get_or_create
    return self.get(**kwargs), False
  File "/home/genma/aunshop/venv/lib/python3.9/site-packages/django/db/models/query.py", line 640, in get
    raise self.model.MultipleObjectsReturned(
users.models.EmailConfirmationCode.MultipleObjectsReturned: get() returned more than one EmailConfirmationCode -- it returned more than 20!
Internal Server Error: /api/email/send-code/
Traceback (most recent call last):
  File "/home/genma/aunshop/venv/lib/python3.9/site-packages/django/core/handlers/exception.py", line 55, in inner
    response = get_response(request)
  File "/home/genma/aunshop/venv/lib/python3.9/site-packages/django/core/handlers/base.py", line 197, in _get_response
    response = wrapped_callback(request, *callback_args, **callback_kwargs)
  File "/home/genma/aunshop/venv/lib/python3.9/site-packages/django/views/decorators/csrf.py", line 56, in wrapper_view
    return view_func(*args, **kwargs)
  File "/home/genma/aunshop/venv/lib/python3.9/site-packages/django/views/generic/base.py", line 105, in view
    return self.dispatch(request, *args, **kwargs)
  File "/home/genma/aunshop/venv/lib/python3.9/site-packages/rest_framework/views.py", line 515, in dispatch
    response = self.handle_exception(exc)
  File "/home/genma/aunshop/venv/lib/python3.9/site-packages/rest_framework/views.py", line 475, in handle_exception
    self.raise_uncaught_exception(exc)
  File "/home/genma/aunshop/venv/lib/python3.9/site-packages/rest_framework/views.py", line 486, in raise_uncaught_exception
    raise exc
  File "/home/genma/aunshop/venv/lib/python3.9/site-packages/rest_framework/views.py", line 512, in dispatch
    response = handler(request, *args, **kwargs)
  File "/home/genma/aunshop/users/views.py", line 79, in post
    EmailConfirmationCode.objects.update_or_create(
  File "/home/genma/aunshop/venv/lib/python3.9/site-packages/django/db/models/manager.py", line 87, in manager_method
    return getattr(self.get_queryset(), name)(*args, **kwargs)
  File "/home/genma/aunshop/venv/lib/python3.9/site-packages/django/db/models/query.py", line 949, in update_or_create
    obj, created = self.select_for_update().get_or_create(defaults, **kwargs)
  File "/home/genma/aunshop/venv/lib/python3.9/site-packages/django/db/models/query.py", line 916, in get_or_create
    return self.get(**kwargs), False
  File "/home/genma/aunshop/venv/lib/python3.9/site-packages/django/db/models/query.py", line 640, in get
    raise self.model.MultipleObjectsReturned(
users.models.EmailConfirmationCode.MultipleObjectsReturned: get() returned more than one EmailConfirmationCode -- it returned more than 20!
Internal Server Error: /api/email/send-code/
Traceback (most recent call last):
  File "/home/genma/aunshop/venv/lib/python3.9/site-packages/django/core/handlers/exception.py", line 55, in inner
    response = get_response(request)
  File "/home/genma/aunshop/venv/lib/python3.9/site-packages/django/core/handlers/base.py", line 197, in _get_response
    response = wrapped_callback(request, *callback_args, **callback_kwargs)
  File "/home/genma/aunshop/venv/lib/python3.9/site-packages/django/views/decorators/csrf.py", line 56, in wrapper_view
    return view_func(*args, **kwargs)
  File "/home/genma/aunshop/venv/lib/python3.9/site-packages/django/views/generic/base.py", line 105, in view
    return self.dispatch(request, *args, **kwargs)
  File "/home/genma/aunshop/venv/lib/python3.9/site-packages/rest_framework/views.py", line 515, in dispatch
    response = self.handle_exception(exc)
  File "/home/genma/aunshop/venv/lib/python3.9/site-packages/rest_framework/views.py", line 475, in handle_exception
    self.raise_uncaught_exception(exc)
  File "/home/genma/aunshop/venv/lib/python3.9/site-packages/rest_framework/views.py", line 486, in raise_uncaught_exception
    raise exc
  File "/home/genma/aunshop/venv/lib/python3.9/site-packages/rest_framework/views.py", line 512, in dispatch
    response = handler(request, *args, **kwargs)
  File "/home/genma/aunshop/users/views.py", line 79, in post
    EmailConfirmationCode.objects.update_or_create(
  File "/home/genma/aunshop/venv/lib/python3.9/site-packages/django/db/models/manager.py", line 87, in manager_method
    return getattr(self.get_queryset(), name)(*args, **kwargs)
  File "/home/genma/aunshop/venv/lib/python3.9/site-packages/django/db/models/query.py", line 949, in update_or_create
    obj, created = self.select_for_update().get_or_create(defaults, **kwargs)
  File "/home/genma/aunshop/venv/lib/python3.9/site-packages/django/db/models/query.py", line 916, in get_or_create
    return self.get(**kwargs), False
  File "/home/genma/aunshop/venv/lib/python3.9/site-packages/django/db/models/query.py", line 640, in get
    raise self.model.MultipleObjectsReturned(
users.models.EmailConfirmationCode.MultipleObjectsReturned: get() returned more than one EmailConfirmationCode -- it returned more than 20!
Internal Server Error: /api/email/send-code/
Traceback (most recent call last):
  File "/home/genma/aunshop/venv/lib/python3.9/site-packages/django/core/handlers/exception.py", line 55, in inner
    response = get_response(request)
  File "/home/genma/aunshop/venv/lib/python3.9/site-packages/django/core/handlers/base.py", line 197, in _get_response
    response = wrapped_callback(request, *callback_args, **callback_kwargs)
  File "/home/genma/aunshop/venv/lib/python3.9/site-packages/django/views/decorators/csrf.py", line 56, in wrapper_view
    return view_func(*args, **kwargs)
  File "/home/genma/aunshop/venv/lib/python3.9/site-packages/django/views/generic/base.py", line 105, in view
    return self.dispatch(request, *args, **kwargs)
  File "/home/genma/aunshop/venv/lib/python3.9/site-packages/rest_framework/views.py", line 515, in dispatch
    response = self.handle_exception(exc)
  File "/home/genma/aunshop/venv/lib/python3.9/site-packages/rest_framework/views.py", line 475, in handle_exception
    self.raise_uncaught_exception(exc)
  File "/home/genma/aunshop/venv/lib/python3.9/site-packages/rest_framework/views.py", line 486, in raise_uncaught_exception
    raise exc
  File "/home/genma/aunshop/venv/lib/python3.9/site-packages/rest_framework/views.py", line 512, in dispatch
    response = handler(request, *args, **kwargs)
  File "/home/genma/aunshop/users/views.py", line 79, in post
    EmailConfirmationCode.objects.update_or_create(
  File "/home/genma/aunshop/venv/lib/python3.9/site-packages/django/db/models/manager.py", line 87, in manager_method
    return getattr(self.get_queryset(), name)(*args, **kwargs)
  File "/home/genma/aunshop/venv/lib/python3.9/site-packages/django/db/models/query.py", line 949, in update_or_create
    obj, created = self.select_for_update().get_or_create(defaults, **kwargs)
  File "/home/genma/aunshop/venv/lib/python3.9/site-packages/django/db/models/query.py", line 916, in get_or_create
    return self.get(**kwargs), False
  File "/home/genma/aunshop/venv/lib/python3.9/site-packages/django/db/models/query.py", line 640, in get
    raise self.model.MultipleObjectsReturned(
users.models.EmailConfirmationCode.MultipleObjectsReturned: get() returned more than one EmailConfirmationCode -- it returned more than 20!
Internal Server Error: /admin/users/customuser/5/delete/
Traceback (most recent call last):
  File "/home/genma/aunshop/venv/lib/python3.9/site-packages/django/db/backends/base/base.py", line 312, in _commit
    return self.connection.commit()
psycopg2.errors.ForeignKeyViolation: update or delete on table "users_customuser" violates foreign key constraint "authtoken_token_user_id_35299eff_fk_users_customuser_id" on table "authtoken_token"
DETAIL:  Key (id)=(5) is still referenced from table "authtoken_token".


The above exception was the direct cause of the following exception:

Traceback (most recent call last):
  File "/home/genma/aunshop/venv/lib/python3.9/site-packages/django/core/handlers/exception.py", line 55, in inner
    response = get_response(request)
  File "/home/genma/aunshop/venv/lib/python3.9/site-packages/django/core/handlers/base.py", line 197, in _get_response
    response = wrapped_callback(request, *callback_args, **callback_kwargs)
  File "/home/genma/aunshop/venv/lib/python3.9/site-packages/django/contrib/admin/options.py", line 688, in wrapper
    return self.admin_site.admin_view(view)(*args, **kwargs)
  File "/home/genma/aunshop/venv/lib/python3.9/site-packages/django/utils/decorators.py", line 134, in _wrapper_view
    response = view_func(request, *args, **kwargs)
  File "/home/genma/aunshop/venv/lib/python3.9/site-packages/django/views/decorators/cache.py", line 62, in _wrapper_view_func
    response = view_func(request, *args, **kwargs)
  File "/home/genma/aunshop/venv/lib/python3.9/site-packages/django/contrib/admin/sites.py", line 242, in inner
    return view(request, *args, **kwargs)
  File "/home/genma/aunshop/venv/lib/python3.9/site-packages/django/utils/decorators.py", line 46, in _wrapper
    return bound_method(*args, **kwargs)
  File "/home/genma/aunshop/venv/lib/python3.9/site-packages/django/utils/decorators.py", line 134, in _wrapper_view
    response = view_func(request, *args, **kwargs)
  File "/home/genma/aunshop/venv/lib/python3.9/site-packages/django/contrib/admin/options.py", line 2106, in delete_view
    return self._delete_view(request, object_id, extra_context)
  File "/home/genma/aunshop/venv/lib/python3.9/site-packages/django/db/transaction.py", line 263, in __exit__
    connection.commit()
  File "/home/genma/aunshop/venv/lib/python3.9/site-packages/django/utils/asyncio.py", line 26, in inner
    return func(*args, **kwargs)
  File "/home/genma/aunshop/venv/lib/python3.9/site-packages/django/db/backends/base/base.py", line 336, in commit
    self._commit()
  File "/home/genma/aunshop/venv/lib/python3.9/site-packages/django/db/backends/base/base.py", line 312, in _commit
    return self.connection.commit()
  File "/home/genma/aunshop/venv/lib/python3.9/site-packages/django/db/utils.py", line 91, in __exit__
    raise dj_exc_value.with_traceback(traceback) from exc_value
  File "/home/genma/aunshop/venv/lib/python3.9/site-packages/django/db/backends/base/base.py", line 312, in _commit
    return self.connection.commit()
django.db.utils.IntegrityError: update or delete on table "users_customuser" violates foreign key constraint "authtoken_token_user_id_35299eff_fk_users_customuser_id" on table "authtoken_token"
DETAIL:  Key (id)=(5) is still referenced from table "authtoken_token".

Internal Server Error: /admin/users/customuser/
Traceback (most recent call last):
  File "/home/genma/aunshop/venv/lib/python3.9/site-packages/django/db/backends/base/base.py", line 312, in _commit
    return self.connection.commit()
psycopg2.errors.ForeignKeyViolation: update or delete on table "users_customuser" violates foreign key constraint "authtoken_token_user_id_35299eff_fk_users_customuser_id" on table "authtoken_token"
DETAIL:  Key (id)=(5) is still referenced from table "authtoken_token".


The above exception was the direct cause of the following exception:

Traceback (most recent call last):
  File "/home/genma/aunshop/venv/lib/python3.9/site-packages/django/core/handlers/exception.py", line 55, in inner
    response = get_response(request)
  File "/home/genma/aunshop/venv/lib/python3.9/site-packages/django/core/handlers/base.py", line 197, in _get_response
    response = wrapped_callback(request, *callback_args, **callback_kwargs)
  File "/home/genma/aunshop/venv/lib/python3.9/site-packages/django/contrib/admin/options.py", line 688, in wrapper
    return self.admin_site.admin_view(view)(*args, **kwargs)
  File "/home/genma/aunshop/venv/lib/python3.9/site-packages/django/utils/decorators.py", line 134, in _wrapper_view
    response = view_func(request, *args, **kwargs)
  File "/home/genma/aunshop/venv/lib/python3.9/site-packages/django/views/decorators/cache.py", line 62, in _wrapper_view_func
    response = view_func(request, *args, **kwargs)
  File "/home/genma/aunshop/venv/lib/python3.9/site-packages/django/contrib/admin/sites.py", line 242, in inner
    return view(request, *args, **kwargs)
  File "/home/genma/aunshop/venv/lib/python3.9/site-packages/django/utils/decorators.py", line 46, in _wrapper
    return bound_method(*args, **kwargs)
  File "/home/genma/aunshop/venv/lib/python3.9/site-packages/django/utils/decorators.py", line 134, in _wrapper_view
    response = view_func(request, *args, **kwargs)
  File "/home/genma/aunshop/venv/lib/python3.9/site-packages/django/contrib/admin/options.py", line 1983, in changelist_view
    response = self.response_action(
  File "/home/genma/aunshop/venv/lib/python3.9/site-packages/django/contrib/admin/options.py", line 1593, in response_action
    response = func(self, request, queryset)
  File "/home/genma/aunshop/venv/lib/python3.9/site-packages/django/contrib/admin/actions.py", line 51, in delete_selected
    modeladmin.delete_queryset(request, queryset)
  File "/home/genma/aunshop/venv/lib/python3.9/site-packages/django/contrib/admin/options.py", line 1237, in delete_queryset
    queryset.delete()
  File "/home/genma/aunshop/venv/lib/python3.9/site-packages/django/db/models/query.py", line 1148, in delete
    deleted, _rows_count = collector.delete()
  File "/home/genma/aunshop/venv/lib/python3.9/site-packages/django/db/models/deletion.py", line 512, in delete
    signals.post_delete.send(
  File "/home/genma/aunshop/venv/lib/python3.9/site-packages/django/db/transaction.py", line 263, in __exit__
    connection.commit()
  File "/home/genma/aunshop/venv/lib/python3.9/site-packages/django/utils/asyncio.py", line 26, in inner
    return func(*args, **kwargs)
  File "/home/genma/aunshop/venv/lib/python3.9/site-packages/django/db/backends/base/base.py", line 336, in commit
    self._commit()
  File "/home/genma/aunshop/venv/lib/python3.9/site-packages/django/db/backends/base/base.py", line 312, in _commit
    return self.connection.commit()
  File "/home/genma/aunshop/venv/lib/python3.9/site-packages/django/db/utils.py", line 91, in __exit__
    raise dj_exc_value.with_traceback(traceback) from exc_value
  File "/home/genma/aunshop/venv/lib/python3.9/site-packages/django/db/backends/base/base.py", line 312, in _commit
    return self.connection.commit()
django.db.utils.IntegrityError: update or delete on table "users_customuser" violates foreign key constraint "authtoken_token_user_id_35299eff_fk_users_customuser_id" on table "authtoken_token"
DETAIL:  Key (id)=(5) is still referenced from table "authtoken_token".

Internal Server Error: /admin/users/customuser/
Traceback (most recent call last):
  File "/home/genma/aunshop/venv/lib/python3.9/site-packages/django/db/backends/base/base.py", line 312, in _commit
    return self.connection.commit()
psycopg2.errors.ForeignKeyViolation: update or delete on table "users_customuser" violates foreign key constraint "authtoken_token_user_id_35299eff_fk_users_customuser_id" on table "authtoken_token"
DETAIL:  Key (id)=(5) is still referenced from table "authtoken_token".


The above exception was the direct cause of the following exception:

Traceback (most recent call last):
  File "/home/genma/aunshop/venv/lib/python3.9/site-packages/django/core/handlers/exception.py", line 55, in inner
    response = get_response(request)
  File "/home/genma/aunshop/venv/lib/python3.9/site-packages/django/core/handlers/base.py", line 197, in _get_response
    response = wrapped_callback(request, *callback_args, **callback_kwargs)
  File "/home/genma/aunshop/venv/lib/python3.9/site-packages/django/contrib/admin/options.py", line 688, in wrapper
    return self.admin_site.admin_view(view)(*args, **kwargs)
  File "/home/genma/aunshop/venv/lib/python3.9/site-packages/django/utils/decorators.py", line 134, in _wrapper_view
    response = view_func(request, *args, **kwargs)
  File "/home/genma/aunshop/venv/lib/python3.9/site-packages/django/views/decorators/cache.py", line 62, in _wrapper_view_func
    response = view_func(request, *args, **kwargs)
  File "/home/genma/aunshop/venv/lib/python3.9/site-packages/django/contrib/admin/sites.py", line 242, in inner
    return view(request, *args, **kwargs)
  File "/home/genma/aunshop/venv/lib/python3.9/site-packages/django/utils/decorators.py", line 46, in _wrapper
    return bound_method(*args, **kwargs)
  File "/home/genma/aunshop/venv/lib/python3.9/site-packages/django/utils/decorators.py", line 134, in _wrapper_view
    response = view_func(request, *args, **kwargs)
  File "/home/genma/aunshop/venv/lib/python3.9/site-packages/django/contrib/admin/options.py", line 1983, in changelist_view
    response = self.response_action(
  File "/home/genma/aunshop/venv/lib/python3.9/site-packages/django/contrib/admin/options.py", line 1593, in response_action
    response = func(self, request, queryset)
  File "/home/genma/aunshop/venv/lib/python3.9/site-packages/django/contrib/admin/actions.py", line 51, in delete_selected
    modeladmin.delete_queryset(request, queryset)
  File "/home/genma/aunshop/venv/lib/python3.9/site-packages/django/contrib/admin/options.py", line 1237, in delete_queryset
    queryset.delete()
  File "/home/genma/aunshop/venv/lib/python3.9/site-packages/django/db/models/query.py", line 1148, in delete
    deleted, _rows_count = collector.delete()
  File "/home/genma/aunshop/venv/lib/python3.9/site-packages/django/db/models/deletion.py", line 512, in delete
    signals.post_delete.send(
  File "/home/genma/aunshop/venv/lib/python3.9/site-packages/django/db/transaction.py", line 263, in __exit__
    connection.commit()
  File "/home/genma/aunshop/venv/lib/python3.9/site-packages/django/utils/asyncio.py", line 26, in inner
    return func(*args, **kwargs)
  File "/home/genma/aunshop/venv/lib/python3.9/site-packages/django/db/backends/base/base.py", line 336, in commit
    self._commit()
  File "/home/genma/aunshop/venv/lib/python3.9/site-packages/django/db/backends/base/base.py", line 312, in _commit
    return self.connection.commit()
  File "/home/genma/aunshop/venv/lib/python3.9/site-packages/django/db/utils.py", line 91, in __exit__
    raise dj_exc_value.with_traceback(traceback) from exc_value
  File "/home/genma/aunshop/venv/lib/python3.9/site-packages/django/db/backends/base/base.py", line 312, in _commit
    return self.connection.commit()
django.db.utils.IntegrityError: update or delete on table "users_customuser" violates foreign key constraint "authtoken_token_user_id_35299eff_fk_users_customuser_id" on table "authtoken_token"
DETAIL:  Key (id)=(5) is still referenced from table "authtoken_token".

Internal Server Error: /admin/users/customuser/5/delete/
Traceback (most recent call last):
  File "/home/genma/aunshop/venv/lib/python3.9/site-packages/django/db/backends/base/base.py", line 312, in _commit
    return self.connection.commit()
psycopg2.errors.ForeignKeyViolation: update or delete on table "users_customuser" violates foreign key constraint "authtoken_token_user_id_35299eff_fk_users_customuser_id" on table "authtoken_token"
DETAIL:  Key (id)=(5) is still referenced from table "authtoken_token".


The above exception was the direct cause of the following exception:

Traceback (most recent call last):
  File "/home/genma/aunshop/venv/lib/python3.9/site-packages/django/core/handlers/exception.py", line 55, in inner
    response = get_response(request)
  File "/home/genma/aunshop/venv/lib/python3.9/site-packages/django/core/handlers/base.py", line 197, in _get_response
    response = wrapped_callback(request, *callback_args, **callback_kwargs)
  File "/home/genma/aunshop/venv/lib/python3.9/site-packages/django/contrib/admin/options.py", line 688, in wrapper
    return self.admin_site.admin_view(view)(*args, **kwargs)
  File "/home/genma/aunshop/venv/lib/python3.9/site-packages/django/utils/decorators.py", line 134, in _wrapper_view
    response = view_func(request, *args, **kwargs)
  File "/home/genma/aunshop/venv/lib/python3.9/site-packages/django/views/decorators/cache.py", line 62, in _wrapper_view_func
    response = view_func(request, *args, **kwargs)
  File "/home/genma/aunshop/venv/lib/python3.9/site-packages/django/contrib/admin/sites.py", line 242, in inner
    return view(request, *args, **kwargs)
  File "/home/genma/aunshop/venv/lib/python3.9/site-packages/django/utils/decorators.py", line 46, in _wrapper
    return bound_method(*args, **kwargs)
  File "/home/genma/aunshop/venv/lib/python3.9/site-packages/django/utils/decorators.py", line 134, in _wrapper_view
    response = view_func(request, *args, **kwargs)
  File "/home/genma/aunshop/venv/lib/python3.9/site-packages/django/contrib/admin/options.py", line 2106, in delete_view
    return self._delete_view(request, object_id, extra_context)
  File "/home/genma/aunshop/venv/lib/python3.9/site-packages/django/db/transaction.py", line 263, in __exit__
    connection.commit()
  File "/home/genma/aunshop/venv/lib/python3.9/site-packages/django/utils/asyncio.py", line 26, in inner
    return func(*args, **kwargs)
  File "/home/genma/aunshop/venv/lib/python3.9/site-packages/django/db/backends/base/base.py", line 336, in commit
    self._commit()
  File "/home/genma/aunshop/venv/lib/python3.9/site-packages/django/db/backends/base/base.py", line 312, in _commit
    return self.connection.commit()
  File "/home/genma/aunshop/venv/lib/python3.9/site-packages/django/db/utils.py", line 91, in __exit__
    raise dj_exc_value.with_traceback(traceback) from exc_value
  File "/home/genma/aunshop/venv/lib/python3.9/site-packages/django/db/backends/base/base.py", line 312, in _commit
    return self.connection.commit()
django.db.utils.IntegrityError: update or delete on table "users_customuser" violates foreign key constraint "authtoken_token_user_id_35299eff_fk_users_customuser_id" on table "authtoken_token"
DETAIL:  Key (id)=(5) is still referenced from table "authtoken_token".

Internal Server Error: /admin/users/customuser/5/delete/
Traceback (most recent call last):
  File "/home/genma/aunshop/venv/lib/python3.9/site-packages/django/core/handlers/exception.py", line 55, in inner
    response = get_response(request)
  File "/home/genma/aunshop/venv/lib/python3.9/site-packages/django/core/handlers/base.py", line 197, in _get_response
    response = wrapped_callback(request, *callback_args, **callback_kwargs)
  File "/home/genma/aunshop/venv/lib/python3.9/site-packages/django/contrib/admin/options.py", line 688, in wrapper
    return self.admin_site.admin_view(view)(*args, **kwargs)
  File "/home/genma/aunshop/venv/lib/python3.9/site-packages/django/utils/decorators.py", line 134, in _wrapper_view
    response = view_func(request, *args, **kwargs)
  File "/home/genma/aunshop/venv/lib/python3.9/site-packages/django/views/decorators/cache.py", line 62, in _wrapper_view_func
    response = view_func(request, *args, **kwargs)
  File "/home/genma/aunshop/venv/lib/python3.9/site-packages/django/contrib/admin/sites.py", line 242, in inner
    return view(request, *args, **kwargs)
  File "/home/genma/aunshop/venv/lib/python3.9/site-packages/django/utils/decorators.py", line 46, in _wrapper
    return bound_method(*args, **kwargs)
  File "/home/genma/aunshop/venv/lib/python3.9/site-packages/django/utils/decorators.py", line 134, in _wrapper_view
    response = view_func(request, *args, **kwargs)
  File "/home/genma/aunshop/venv/lib/python3.9/site-packages/django/contrib/admin/options.py", line 2106, in delete_view
    return self._delete_view(request, object_id, extra_context)
  File "/home/genma/aunshop/venv/lib/python3.9/site-packages/django/contrib/admin/options.py", line 2142, in _delete_view
    self.delete_model(request, obj)
  File "/home/genma/aunshop/users/admin.py", line 14, in delete_model
    Token.objects.filter(user=obj).delete()
AttributeError: type object 'Token' has no attribute 'objects'
Internal Server Error: /admin/users/customuser/5/delete/
Traceback (most recent call last):
  File "/home/genma/aunshop/venv/lib/python3.9/site-packages/django/core/handlers/exception.py", line 55, in inner
    response = get_response(request)
  File "/home/genma/aunshop/venv/lib/python3.9/site-packages/django/core/handlers/base.py", line 197, in _get_response
    response = wrapped_callback(request, *callback_args, **callback_kwargs)
  File "/home/genma/aunshop/venv/lib/python3.9/site-packages/django/contrib/admin/options.py", line 688, in wrapper
    return self.admin_site.admin_view(view)(*args, **kwargs)
  File "/home/genma/aunshop/venv/lib/python3.9/site-packages/django/utils/decorators.py", line 134, in _wrapper_view
    response = view_func(request, *args, **kwargs)
  File "/home/genma/aunshop/venv/lib/python3.9/site-packages/django/views/decorators/cache.py", line 62, in _wrapper_view_func
    response = view_func(request, *args, **kwargs)
  File "/home/genma/aunshop/venv/lib/python3.9/site-packages/django/contrib/admin/sites.py", line 242, in inner
    return view(request, *args, **kwargs)
  File "/home/genma/aunshop/venv/lib/python3.9/site-packages/django/utils/decorators.py", line 46, in _wrapper
    return bound_method(*args, **kwargs)
  File "/home/genma/aunshop/venv/lib/python3.9/site-packages/django/utils/decorators.py", line 134, in _wrapper_view
    response = view_func(request, *args, **kwargs)
  File "/home/genma/aunshop/venv/lib/python3.9/site-packages/django/contrib/admin/options.py", line 2106, in delete_view
    return self._delete_view(request, object_id, extra_context)
  File "/home/genma/aunshop/venv/lib/python3.9/site-packages/django/contrib/admin/options.py", line 2142, in _delete_view
    self.delete_model(request, obj)
  File "/home/genma/aunshop/users/admin.py", line 14, in delete_model
    Token.objects.filter(user=obj).delete()
AttributeError: type object 'Token' has no attribute 'objects'
Internal Server Error: /admin/users/customuser/5/delete/
Traceback (most recent call last):
  File "/home/genma/aunshop/venv/lib/python3.9/site-packages/django/db/backends/base/base.py", line 312, in _commit
    return self.connection.commit()
psycopg2.errors.ForeignKeyViolation: update or delete on table "users_customuser" violates foreign key constraint "authtoken_token_user_id_35299eff_fk_users_customuser_id" on table "authtoken_token"
DETAIL:  Key (id)=(5) is still referenced from table "authtoken_token".


The above exception was the direct cause of the following exception:

Traceback (most recent call last):
  File "/home/genma/aunshop/venv/lib/python3.9/site-packages/django/core/handlers/exception.py", line 55, in inner
    response = get_response(request)
  File "/home/genma/aunshop/venv/lib/python3.9/site-packages/django/core/handlers/base.py", line 197, in _get_response
    response = wrapped_callback(request, *callback_args, **callback_kwargs)
  File "/home/genma/aunshop/venv/lib/python3.9/site-packages/django/contrib/admin/options.py", line 688, in wrapper
    return self.admin_site.admin_view(view)(*args, **kwargs)
  File "/home/genma/aunshop/venv/lib/python3.9/site-packages/django/utils/decorators.py", line 134, in _wrapper_view
    response = view_func(request, *args, **kwargs)
  File "/home/genma/aunshop/venv/lib/python3.9/site-packages/django/views/decorators/cache.py", line 62, in _wrapper_view_func
    response = view_func(request, *args, **kwargs)
  File "/home/genma/aunshop/venv/lib/python3.9/site-packages/django/contrib/admin/sites.py", line 242, in inner
    return view(request, *args, **kwargs)
  File "/home/genma/aunshop/venv/lib/python3.9/site-packages/django/utils/decorators.py", line 46, in _wrapper
    return bound_method(*args, **kwargs)
  File "/home/genma/aunshop/venv/lib/python3.9/site-packages/django/utils/decorators.py", line 134, in _wrapper_view
    response = view_func(request, *args, **kwargs)
  File "/home/genma/aunshop/venv/lib/python3.9/site-packages/django/contrib/admin/options.py", line 2106, in delete_view
    return self._delete_view(request, object_id, extra_context)
  File "/home/genma/aunshop/venv/lib/python3.9/site-packages/django/db/transaction.py", line 263, in __exit__
    connection.commit()
  File "/home/genma/aunshop/venv/lib/python3.9/site-packages/django/utils/asyncio.py", line 26, in inner
    return func(*args, **kwargs)
  File "/home/genma/aunshop/venv/lib/python3.9/site-packages/django/db/backends/base/base.py", line 336, in commit
    self._commit()
  File "/home/genma/aunshop/venv/lib/python3.9/site-packages/django/db/backends/base/base.py", line 312, in _commit
    return self.connection.commit()
  File "/home/genma/aunshop/venv/lib/python3.9/site-packages/django/db/utils.py", line 91, in __exit__
    raise dj_exc_value.with_traceback(traceback) from exc_value
  File "/home/genma/aunshop/venv/lib/python3.9/site-packages/django/db/backends/base/base.py", line 312, in _commit
    return self.connection.commit()
django.db.utils.IntegrityError: update or delete on table "users_customuser" violates foreign key constraint "authtoken_token_user_id_35299eff_fk_users_customuser_id" on table "authtoken_token"
DETAIL:  Key (id)=(5) is still referenced from table "authtoken_token".

Internal Server Error: /admin/users/customuser/5/delete/
Traceback (most recent call last):
  File "/home/genma/aunshop/venv/lib/python3.9/site-packages/django/db/backends/base/base.py", line 312, in _commit
    return self.connection.commit()
psycopg2.errors.ForeignKeyViolation: update or delete on table "users_customuser" violates foreign key constraint "authtoken_token_user_id_35299eff_fk_users_customuser_id" on table "authtoken_token"
DETAIL:  Key (id)=(5) is still referenced from table "authtoken_token".


The above exception was the direct cause of the following exception:

Traceback (most recent call last):
  File "/home/genma/aunshop/venv/lib/python3.9/site-packages/django/core/handlers/exception.py", line 55, in inner
    response = get_response(request)
  File "/home/genma/aunshop/venv/lib/python3.9/site-packages/django/core/handlers/base.py", line 197, in _get_response
    response = wrapped_callback(request, *callback_args, **callback_kwargs)
  File "/home/genma/aunshop/venv/lib/python3.9/site-packages/django/contrib/admin/options.py", line 688, in wrapper
    return self.admin_site.admin_view(view)(*args, **kwargs)
  File "/home/genma/aunshop/venv/lib/python3.9/site-packages/django/utils/decorators.py", line 134, in _wrapper_view
    response = view_func(request, *args, **kwargs)
  File "/home/genma/aunshop/venv/lib/python3.9/site-packages/django/views/decorators/cache.py", line 62, in _wrapper_view_func
    response = view_func(request, *args, **kwargs)
  File "/home/genma/aunshop/venv/lib/python3.9/site-packages/django/contrib/admin/sites.py", line 242, in inner
    return view(request, *args, **kwargs)
  File "/home/genma/aunshop/venv/lib/python3.9/site-packages/django/utils/decorators.py", line 46, in _wrapper
    return bound_method(*args, **kwargs)
  File "/home/genma/aunshop/venv/lib/python3.9/site-packages/django/utils/decorators.py", line 134, in _wrapper_view
    response = view_func(request, *args, **kwargs)
  File "/home/genma/aunshop/venv/lib/python3.9/site-packages/django/contrib/admin/options.py", line 2106, in delete_view
    return self._delete_view(request, object_id, extra_context)
  File "/home/genma/aunshop/venv/lib/python3.9/site-packages/django/db/transaction.py", line 263, in __exit__
    connection.commit()
  File "/home/genma/aunshop/venv/lib/python3.9/site-packages/django/utils/asyncio.py", line 26, in inner
    return func(*args, **kwargs)
  File "/home/genma/aunshop/venv/lib/python3.9/site-packages/django/db/backends/base/base.py", line 336, in commit
    self._commit()
  File "/home/genma/aunshop/venv/lib/python3.9/site-packages/django/db/backends/base/base.py", line 312, in _commit
    return self.connection.commit()
  File "/home/genma/aunshop/venv/lib/python3.9/site-packages/django/db/utils.py", line 91, in __exit__
    raise dj_exc_value.with_traceback(traceback) from exc_value
  File "/home/genma/aunshop/venv/lib/python3.9/site-packages/django/db/backends/base/base.py", line 312, in _commit
    return self.connection.commit()
django.db.utils.IntegrityError: update or delete on table "users_customuser" violates foreign key constraint "authtoken_token_user_id_35299eff_fk_users_customuser_id" on table "authtoken_token"
DETAIL:  Key (id)=(5) is still referenced from table "authtoken_token".

Internal Server Error: /admin/users/customuser/5/delete/
Traceback (most recent call last):
  File "/home/genma/aunshop/venv/lib/python3.9/site-packages/django/db/backends/base/base.py", line 312, in _commit
    return self.connection.commit()
psycopg2.errors.ForeignKeyViolation: update or delete on table "users_customuser" violates foreign key constraint "authtoken_token_user_id_35299eff_fk_users_customuser_id" on table "authtoken_token"
DETAIL:  Key (id)=(5) is still referenced from table "authtoken_token".


The above exception was the direct cause of the following exception:

Traceback (most recent call last):
  File "/home/genma/aunshop/venv/lib/python3.9/site-packages/django/core/handlers/exception.py", line 55, in inner
    response = get_response(request)
  File "/home/genma/aunshop/venv/lib/python3.9/site-packages/django/core/handlers/base.py", line 197, in _get_response
    response = wrapped_callback(request, *callback_args, **callback_kwargs)
  File "/home/genma/aunshop/venv/lib/python3.9/site-packages/django/contrib/admin/options.py", line 688, in wrapper
    return self.admin_site.admin_view(view)(*args, **kwargs)
  File "/home/genma/aunshop/venv/lib/python3.9/site-packages/django/utils/decorators.py", line 134, in _wrapper_view
    response = view_func(request, *args, **kwargs)
  File "/home/genma/aunshop/venv/lib/python3.9/site-packages/django/views/decorators/cache.py", line 62, in _wrapper_view_func
    response = view_func(request, *args, **kwargs)
  File "/home/genma/aunshop/venv/lib/python3.9/site-packages/django/contrib/admin/sites.py", line 242, in inner
    return view(request, *args, **kwargs)
  File "/home/genma/aunshop/venv/lib/python3.9/site-packages/django/utils/decorators.py", line 46, in _wrapper
    return bound_method(*args, **kwargs)
  File "/home/genma/aunshop/venv/lib/python3.9/site-packages/django/utils/decorators.py", line 134, in _wrapper_view
    response = view_func(request, *args, **kwargs)
  File "/home/genma/aunshop/venv/lib/python3.9/site-packages/django/contrib/admin/options.py", line 2106, in delete_view
    return self._delete_view(request, object_id, extra_context)
  File "/home/genma/aunshop/venv/lib/python3.9/site-packages/django/db/transaction.py", line 263, in __exit__
    connection.commit()
  File "/home/genma/aunshop/venv/lib/python3.9/site-packages/django/utils/asyncio.py", line 26, in inner
    return func(*args, **kwargs)
  File "/home/genma/aunshop/venv/lib/python3.9/site-packages/django/db/backends/base/base.py", line 336, in commit
    self._commit()
  File "/home/genma/aunshop/venv/lib/python3.9/site-packages/django/db/backends/base/base.py", line 312, in _commit
    return self.connection.commit()
  File "/home/genma/aunshop/venv/lib/python3.9/site-packages/django/db/utils.py", line 91, in __exit__
    raise dj_exc_value.with_traceback(traceback) from exc_value
  File "/home/genma/aunshop/venv/lib/python3.9/site-packages/django/db/backends/base/base.py", line 312, in _commit
    return self.connection.commit()
django.db.utils.IntegrityError: update or delete on table "users_customuser" violates foreign key constraint "authtoken_token_user_id_35299eff_fk_users_customuser_id" on table "authtoken_token"
DETAIL:  Key (id)=(5) is still referenced from table "authtoken_token".

Internal Server Error: /admin/users/customuser/5/delete/
Traceback (most recent call last):
  File "/home/genma/aunshop/venv/lib/python3.9/site-packages/django/db/backends/base/base.py", line 312, in _commit
    return self.connection.commit()
psycopg2.errors.ForeignKeyViolation: update or delete on table "users_customuser" violates foreign key constraint "authtoken_token_user_id_35299eff_fk_users_customuser_id" on table "authtoken_token"
DETAIL:  Key (id)=(5) is still referenced from table "authtoken_token".


The above exception was the direct cause of the following exception:

Traceback (most recent call last):
  File "/home/genma/aunshop/venv/lib/python3.9/site-packages/django/core/handlers/exception.py", line 55, in inner
    response = get_response(request)
  File "/home/genma/aunshop/venv/lib/python3.9/site-packages/django/core/handlers/base.py", line 197, in _get_response
    response = wrapped_callback(request, *callback_args, **callback_kwargs)
  File "/home/genma/aunshop/venv/lib/python3.9/site-packages/django/contrib/admin/options.py", line 688, in wrapper
    return self.admin_site.admin_view(view)(*args, **kwargs)
  File "/home/genma/aunshop/venv/lib/python3.9/site-packages/django/utils/decorators.py", line 134, in _wrapper_view
    response = view_func(request, *args, **kwargs)
  File "/home/genma/aunshop/venv/lib/python3.9/site-packages/django/views/decorators/cache.py", line 62, in _wrapper_view_func
    response = view_func(request, *args, **kwargs)
  File "/home/genma/aunshop/venv/lib/python3.9/site-packages/django/contrib/admin/sites.py", line 242, in inner
    return view(request, *args, **kwargs)
  File "/home/genma/aunshop/venv/lib/python3.9/site-packages/django/utils/decorators.py", line 46, in _wrapper
    return bound_method(*args, **kwargs)
  File "/home/genma/aunshop/venv/lib/python3.9/site-packages/django/utils/decorators.py", line 134, in _wrapper_view
    response = view_func(request, *args, **kwargs)
  File "/home/genma/aunshop/venv/lib/python3.9/site-packages/django/contrib/admin/options.py", line 2106, in delete_view
    return self._delete_view(request, object_id, extra_context)
  File "/home/genma/aunshop/venv/lib/python3.9/site-packages/django/db/transaction.py", line 263, in __exit__
    connection.commit()
  File "/home/genma/aunshop/venv/lib/python3.9/site-packages/django/utils/asyncio.py", line 26, in inner
    return func(*args, **kwargs)
  File "/home/genma/aunshop/venv/lib/python3.9/site-packages/django/db/backends/base/base.py", line 336, in commit
    self._commit()
  File "/home/genma/aunshop/venv/lib/python3.9/site-packages/django/db/backends/base/base.py", line 312, in _commit
    return self.connection.commit()
  File "/home/genma/aunshop/venv/lib/python3.9/site-packages/django/db/utils.py", line 91, in __exit__
    raise dj_exc_value.with_traceback(traceback) from exc_value
  File "/home/genma/aunshop/venv/lib/python3.9/site-packages/django/db/backends/base/base.py", line 312, in _commit
    return self.connection.commit()
django.db.utils.IntegrityError: update or delete on table "users_customuser" violates foreign key constraint "authtoken_token_user_id_35299eff_fk_users_customuser_id" on table "authtoken_token"
DETAIL:  Key (id)=(5) is still referenced from table "authtoken_token".

Internal Server Error: /admin/users/customuser/5/delete/
Traceback (most recent call last):
  File "/home/genma/aunshop/venv/lib/python3.9/site-packages/django/core/handlers/exception.py", line 55, in inner
    response = get_response(request)
  File "/home/genma/aunshop/venv/lib/python3.9/site-packages/django/core/handlers/base.py", line 197, in _get_response
    response = wrapped_callback(request, *callback_args, **callback_kwargs)
  File "/home/genma/aunshop/venv/lib/python3.9/site-packages/django/contrib/admin/options.py", line 688, in wrapper
    return self.admin_site.admin_view(view)(*args, **kwargs)
  File "/home/genma/aunshop/venv/lib/python3.9/site-packages/django/utils/decorators.py", line 134, in _wrapper_view
    response = view_func(request, *args, **kwargs)
  File "/home/genma/aunshop/venv/lib/python3.9/site-packages/django/views/decorators/cache.py", line 62, in _wrapper_view_func
    response = view_func(request, *args, **kwargs)
  File "/home/genma/aunshop/venv/lib/python3.9/site-packages/django/contrib/admin/sites.py", line 242, in inner
    return view(request, *args, **kwargs)
  File "/home/genma/aunshop/venv/lib/python3.9/site-packages/django/utils/decorators.py", line 46, in _wrapper
    return bound_method(*args, **kwargs)
  File "/home/genma/aunshop/venv/lib/python3.9/site-packages/django/utils/decorators.py", line 134, in _wrapper_view
    response = view_func(request, *args, **kwargs)
  File "/home/genma/aunshop/venv/lib/python3.9/site-packages/django/contrib/admin/options.py", line 2106, in delete_view
    return self._delete_view(request, object_id, extra_context)
  File "/home/genma/aunshop/venv/lib/python3.9/site-packages/django/contrib/admin/options.py", line 2142, in _delete_view
    self.delete_model(request, obj)
  File "/home/genma/aunshop/users/admin.py", line 17, in delete_model
    Token.objects.filter(user=obj).delete()
AttributeError: type object 'Token' has no attribute 'objects'
Internal Server Error: /admin/users/customuser/5/delete/
Traceback (most recent call last):
  File "/home/genma/aunshop/venv/lib/python3.9/site-packages/django/core/handlers/exception.py", line 55, in inner
    response = get_response(request)
  File "/home/genma/aunshop/venv/lib/python3.9/site-packages/django/core/handlers/base.py", line 197, in _get_response
    response = wrapped_callback(request, *callback_args, **callback_kwargs)
  File "/home/genma/aunshop/venv/lib/python3.9/site-packages/django/contrib/admin/options.py", line 688, in wrapper
    return self.admin_site.admin_view(view)(*args, **kwargs)
  File "/home/genma/aunshop/venv/lib/python3.9/site-packages/django/utils/decorators.py", line 134, in _wrapper_view
    response = view_func(request, *args, **kwargs)
  File "/home/genma/aunshop/venv/lib/python3.9/site-packages/django/views/decorators/cache.py", line 62, in _wrapper_view_func
    response = view_func(request, *args, **kwargs)
  File "/home/genma/aunshop/venv/lib/python3.9/site-packages/django/contrib/admin/sites.py", line 242, in inner
    return view(request, *args, **kwargs)
  File "/home/genma/aunshop/venv/lib/python3.9/site-packages/django/utils/decorators.py", line 46, in _wrapper
    return bound_method(*args, **kwargs)
  File "/home/genma/aunshop/venv/lib/python3.9/site-packages/django/utils/decorators.py", line 134, in _wrapper_view
    response = view_func(request, *args, **kwargs)
  File "/home/genma/aunshop/venv/lib/python3.9/site-packages/django/contrib/admin/options.py", line 2106, in delete_view
    return self._delete_view(request, object_id, extra_context)
  File "/home/genma/aunshop/venv/lib/python3.9/site-packages/django/contrib/admin/options.py", line 2142, in _delete_view
    self.delete_model(request, obj)
  File "/home/genma/aunshop/users/admin.py", line 17, in delete_model
    Token.objects.filter(user=obj).delete()
AttributeError: type object 'Token' has no attribute 'objects'
Internal Server Error: /admin/users/customuser/5/delete/
Traceback (most recent call last):
  File "/home/genma/aunshop/venv/lib/python3.9/site-packages/django/core/handlers/exception.py", line 55, in inner
    response = get_response(request)
  File "/home/genma/aunshop/venv/lib/python3.9/site-packages/django/core/handlers/base.py", line 197, in _get_response
    response = wrapped_callback(request, *callback_args, **callback_kwargs)
  File "/home/genma/aunshop/venv/lib/python3.9/site-packages/django/contrib/admin/options.py", line 688, in wrapper
    return self.admin_site.admin_view(view)(*args, **kwargs)
  File "/home/genma/aunshop/venv/lib/python3.9/site-packages/django/utils/decorators.py", line 134, in _wrapper_view
    response = view_func(request, *args, **kwargs)
  File "/home/genma/aunshop/venv/lib/python3.9/site-packages/django/views/decorators/cache.py", line 62, in _wrapper_view_func
    response = view_func(request, *args, **kwargs)
  File "/home/genma/aunshop/venv/lib/python3.9/site-packages/django/contrib/admin/sites.py", line 242, in inner
    return view(request, *args, **kwargs)
  File "/home/genma/aunshop/venv/lib/python3.9/site-packages/django/utils/decorators.py", line 46, in _wrapper
    return bound_method(*args, **kwargs)
  File "/home/genma/aunshop/venv/lib/python3.9/site-packages/django/utils/decorators.py", line 134, in _wrapper_view
    response = view_func(request, *args, **kwargs)
  File "/home/genma/aunshop/venv/lib/python3.9/site-packages/django/contrib/admin/options.py", line 2106, in delete_view
    return self._delete_view(request, object_id, extra_context)
  File "/home/genma/aunshop/venv/lib/python3.9/site-packages/django/contrib/admin/options.py", line 2142, in _delete_view
    self.delete_model(request, obj)
  File "/home/genma/aunshop/users/admin.py", line 17, in delete_model
    Token.objects.filter(user=obj).delete()  # 💡 Эта строка вызывает ошибку без импорта выше
AttributeError: type object 'Token' has no attribute 'objects'
Internal Server Error: /admin/users/customuser/5/delete/
Traceback (most recent call last):
  File "/home/genma/aunshop/venv/lib/python3.9/site-packages/django/core/handlers/exception.py", line 55, in inner
    response = get_response(request)
  File "/home/genma/aunshop/venv/lib/python3.9/site-packages/django/core/handlers/base.py", line 197, in _get_response
    response = wrapped_callback(request, *callback_args, **callback_kwargs)
  File "/home/genma/aunshop/venv/lib/python3.9/site-packages/django/contrib/admin/options.py", line 688, in wrapper
    return self.admin_site.admin_view(view)(*args, **kwargs)
  File "/home/genma/aunshop/venv/lib/python3.9/site-packages/django/utils/decorators.py", line 134, in _wrapper_view
    response = view_func(request, *args, **kwargs)
  File "/home/genma/aunshop/venv/lib/python3.9/site-packages/django/views/decorators/cache.py", line 62, in _wrapper_view_func
    response = view_func(request, *args, **kwargs)
  File "/home/genma/aunshop/venv/lib/python3.9/site-packages/django/contrib/admin/sites.py", line 242, in inner
    return view(request, *args, **kwargs)
  File "/home/genma/aunshop/venv/lib/python3.9/site-packages/django/utils/decorators.py", line 46, in _wrapper
    return bound_method(*args, **kwargs)
  File "/home/genma/aunshop/venv/lib/python3.9/site-packages/django/utils/decorators.py", line 134, in _wrapper_view
    response = view_func(request, *args, **kwargs)
  File "/home/genma/aunshop/venv/lib/python3.9/site-packages/django/contrib/admin/options.py", line 2106, in delete_view
    return self._delete_view(request, object_id, extra_context)
  File "/home/genma/aunshop/venv/lib/python3.9/site-packages/django/contrib/admin/options.py", line 2142, in _delete_view
    self.delete_model(request, obj)
  File "/home/genma/aunshop/users/admin.py", line 17, in delete_model
    Token.objects.filter(user=obj).delete()  # 💡 Эта строка вызывает ошибку без импорта выше
AttributeError: type object 'Token' has no attribute 'objects'
Internal Server Error: /admin/users/customuser/5/delete/
Traceback (most recent call last):
  File "/home/genma/aunshop/venv/lib/python3.9/site-packages/django/core/handlers/exception.py", line 55, in inner
    response = get_response(request)
  File "/home/genma/aunshop/venv/lib/python3.9/site-packages/django/core/handlers/base.py", line 197, in _get_response
    response = wrapped_callback(request, *callback_args, **callback_kwargs)
  File "/home/genma/aunshop/venv/lib/python3.9/site-packages/django/contrib/admin/options.py", line 688, in wrapper
    return self.admin_site.admin_view(view)(*args, **kwargs)
  File "/home/genma/aunshop/venv/lib/python3.9/site-packages/django/utils/decorators.py", line 134, in _wrapper_view
    response = view_func(request, *args, **kwargs)
  File "/home/genma/aunshop/venv/lib/python3.9/site-packages/django/views/decorators/cache.py", line 62, in _wrapper_view_func
    response = view_func(request, *args, **kwargs)
  File "/home/genma/aunshop/venv/lib/python3.9/site-packages/django/contrib/admin/sites.py", line 242, in inner
    return view(request, *args, **kwargs)
  File "/home/genma/aunshop/venv/lib/python3.9/site-packages/django/utils/decorators.py", line 46, in _wrapper
    return bound_method(*args, **kwargs)
  File "/home/genma/aunshop/venv/lib/python3.9/site-packages/django/utils/decorators.py", line 134, in _wrapper_view
    response = view_func(request, *args, **kwargs)
  File "/home/genma/aunshop/venv/lib/python3.9/site-packages/django/contrib/admin/options.py", line 2106, in delete_view
    return self._delete_view(request, object_id, extra_context)
  File "/home/genma/aunshop/venv/lib/python3.9/site-packages/django/contrib/admin/options.py", line 2142, in _delete_view
    self.delete_model(request, obj)
  File "/home/genma/aunshop/users/admin.py", line 17, in delete_model
    Token.objects.filter(user=obj).delete()  # 💡 Эта строка вызывает ошибку без импорта выше
AttributeError: type object 'Token' has no attribute 'objects'
Internal Server Error: /admin/users/customuser/5/delete/
Traceback (most recent call last):
  File "/home/genma/aunshop/venv/lib/python3.9/site-packages/django/core/handlers/exception.py", line 55, in inner
    response = get_response(request)
  File "/home/genma/aunshop/venv/lib/python3.9/site-packages/django/core/handlers/base.py", line 197, in _get_response
    response = wrapped_callback(request, *callback_args, **callback_kwargs)
  File "/home/genma/aunshop/venv/lib/python3.9/site-packages/django/contrib/admin/options.py", line 688, in wrapper
    return self.admin_site.admin_view(view)(*args, **kwargs)
  File "/home/genma/aunshop/venv/lib/python3.9/site-packages/django/utils/decorators.py", line 134, in _wrapper_view
    response = view_func(request, *args, **kwargs)
  File "/home/genma/aunshop/venv/lib/python3.9/site-packages/django/views/decorators/cache.py", line 62, in _wrapper_view_func
    response = view_func(request, *args, **kwargs)
  File "/home/genma/aunshop/venv/lib/python3.9/site-packages/django/contrib/admin/sites.py", line 242, in inner
    return view(request, *args, **kwargs)
  File "/home/genma/aunshop/venv/lib/python3.9/site-packages/django/utils/decorators.py", line 46, in _wrapper
    return bound_method(*args, **kwargs)
  File "/home/genma/aunshop/venv/lib/python3.9/site-packages/django/utils/decorators.py", line 134, in _wrapper_view
    response = view_func(request, *args, **kwargs)
  File "/home/genma/aunshop/venv/lib/python3.9/site-packages/django/contrib/admin/options.py", line 2106, in delete_view
    return self._delete_view(request, object_id, extra_context)
  File "/home/genma/aunshop/venv/lib/python3.9/site-packages/django/contrib/admin/options.py", line 2142, in _delete_view
    self.delete_model(request, obj)
  File "/home/genma/aunshop/users/admin.py", line 17, in delete_model
    Token.objects.filter(user=obj).delete()  # 💡 Эта строка вызывает ошибку без импорта выше
AttributeError: type object 'Token' has no attribute 'objects'
Internal Server Error: /admin/users/customuser/
Traceback (most recent call last):
  File "/home/genma/aunshop/venv/lib/python3.9/site-packages/django/db/backends/base/base.py", line 312, in _commit
    return self.connection.commit()
psycopg2.errors.ForeignKeyViolation: update or delete on table "users_customuser" violates foreign key constraint "authtoken_token_user_id_35299eff_fk_users_customuser_id" on table "authtoken_token"
DETAIL:  Key (id)=(8) is still referenced from table "authtoken_token".


The above exception was the direct cause of the following exception:

Traceback (most recent call last):
  File "/home/genma/aunshop/venv/lib/python3.9/site-packages/django/core/handlers/exception.py", line 55, in inner
    response = get_response(request)
  File "/home/genma/aunshop/venv/lib/python3.9/site-packages/django/core/handlers/base.py", line 197, in _get_response
    response = wrapped_callback(request, *callback_args, **callback_kwargs)
  File "/home/genma/aunshop/venv/lib/python3.9/site-packages/django/contrib/admin/options.py", line 688, in wrapper
    return self.admin_site.admin_view(view)(*args, **kwargs)
  File "/home/genma/aunshop/venv/lib/python3.9/site-packages/django/utils/decorators.py", line 134, in _wrapper_view
    response = view_func(request, *args, **kwargs)
  File "/home/genma/aunshop/venv/lib/python3.9/site-packages/django/views/decorators/cache.py", line 62, in _wrapper_view_func
    response = view_func(request, *args, **kwargs)
  File "/home/genma/aunshop/venv/lib/python3.9/site-packages/django/contrib/admin/sites.py", line 242, in inner
    return view(request, *args, **kwargs)
  File "/home/genma/aunshop/venv/lib/python3.9/site-packages/django/utils/decorators.py", line 46, in _wrapper
    return bound_method(*args, **kwargs)
  File "/home/genma/aunshop/venv/lib/python3.9/site-packages/django/utils/decorators.py", line 134, in _wrapper_view
    response = view_func(request, *args, **kwargs)
  File "/home/genma/aunshop/venv/lib/python3.9/site-packages/django/contrib/admin/options.py", line 1983, in changelist_view
    response = self.response_action(
  File "/home/genma/aunshop/venv/lib/python3.9/site-packages/django/contrib/admin/options.py", line 1593, in response_action
    response = func(self, request, queryset)
  File "/home/genma/aunshop/venv/lib/python3.9/site-packages/django/contrib/admin/actions.py", line 51, in delete_selected
    modeladmin.delete_queryset(request, queryset)
  File "/home/genma/aunshop/venv/lib/python3.9/site-packages/django/contrib/admin/options.py", line 1237, in delete_queryset
    queryset.delete()
  File "/home/genma/aunshop/venv/lib/python3.9/site-packages/django/db/models/query.py", line 1148, in delete
    deleted, _rows_count = collector.delete()
  File "/home/genma/aunshop/venv/lib/python3.9/site-packages/django/db/models/deletion.py", line 512, in delete
    signals.post_delete.send(
  File "/home/genma/aunshop/venv/lib/python3.9/site-packages/django/db/transaction.py", line 263, in __exit__
    connection.commit()
  File "/home/genma/aunshop/venv/lib/python3.9/site-packages/django/utils/asyncio.py", line 26, in inner
    return func(*args, **kwargs)
  File "/home/genma/aunshop/venv/lib/python3.9/site-packages/django/db/backends/base/base.py", line 336, in commit
    self._commit()
  File "/home/genma/aunshop/venv/lib/python3.9/site-packages/django/db/backends/base/base.py", line 312, in _commit
    return self.connection.commit()
  File "/home/genma/aunshop/venv/lib/python3.9/site-packages/django/db/utils.py", line 91, in __exit__
    raise dj_exc_value.with_traceback(traceback) from exc_value
  File "/home/genma/aunshop/venv/lib/python3.9/site-packages/django/db/backends/base/base.py", line 312, in _commit
    return self.connection.commit()
django.db.utils.IntegrityError: update or delete on table "users_customuser" violates foreign key constraint "authtoken_token_user_id_35299eff_fk_users_customuser_id" on table "authtoken_token"
DETAIL:  Key (id)=(8) is still referenced from table "authtoken_token".

Internal Server Error: /admin/users/customuser/5/delete/
Traceback (most recent call last):
  File "/home/genma/aunshop/venv/lib/python3.9/site-packages/django/core/handlers/exception.py", line 55, in inner
    response = get_response(request)
  File "/home/genma/aunshop/venv/lib/python3.9/site-packages/django/core/handlers/base.py", line 197, in _get_response
    response = wrapped_callback(request, *callback_args, **callback_kwargs)
  File "/home/genma/aunshop/venv/lib/python3.9/site-packages/django/contrib/admin/options.py", line 688, in wrapper
    return self.admin_site.admin_view(view)(*args, **kwargs)
  File "/home/genma/aunshop/venv/lib/python3.9/site-packages/django/utils/decorators.py", line 134, in _wrapper_view
    response = view_func(request, *args, **kwargs)
  File "/home/genma/aunshop/venv/lib/python3.9/site-packages/django/views/decorators/cache.py", line 62, in _wrapper_view_func
    response = view_func(request, *args, **kwargs)
  File "/home/genma/aunshop/venv/lib/python3.9/site-packages/django/contrib/admin/sites.py", line 242, in inner
    return view(request, *args, **kwargs)
  File "/home/genma/aunshop/venv/lib/python3.9/site-packages/django/utils/decorators.py", line 46, in _wrapper
    return bound_method(*args, **kwargs)
  File "/home/genma/aunshop/venv/lib/python3.9/site-packages/django/utils/decorators.py", line 134, in _wrapper_view
    response = view_func(request, *args, **kwargs)
  File "/home/genma/aunshop/venv/lib/python3.9/site-packages/django/contrib/admin/options.py", line 2106, in delete_view
    return self._delete_view(request, object_id, extra_context)
  File "/home/genma/aunshop/venv/lib/python3.9/site-packages/django/contrib/admin/options.py", line 2142, in _delete_view
    self.delete_model(request, obj)
  File "/home/genma/aunshop/users/admin.py", line 18, in delete_model
    Token.objects.filter(user=obj).delete()  # 💡 Эта строка вызывает ошибку без импорта выше
NameError: name 'Token' is not defined
Internal Server Error: /admin/users/customuser/5/delete/
Traceback (most recent call last):
  File "/home/genma/aunshop/venv/lib/python3.9/site-packages/django/core/handlers/exception.py", line 55, in inner
    response = get_response(request)
  File "/home/genma/aunshop/venv/lib/python3.9/site-packages/django/core/handlers/base.py", line 197, in _get_response
    response = wrapped_callback(request, *callback_args, **callback_kwargs)
  File "/home/genma/aunshop/venv/lib/python3.9/site-packages/django/contrib/admin/options.py", line 688, in wrapper
    return self.admin_site.admin_view(view)(*args, **kwargs)
  File "/home/genma/aunshop/venv/lib/python3.9/site-packages/django/utils/decorators.py", line 134, in _wrapper_view
    response = view_func(request, *args, **kwargs)
  File "/home/genma/aunshop/venv/lib/python3.9/site-packages/django/views/decorators/cache.py", line 62, in _wrapper_view_func
    response = view_func(request, *args, **kwargs)
  File "/home/genma/aunshop/venv/lib/python3.9/site-packages/django/contrib/admin/sites.py", line 242, in inner
    return view(request, *args, **kwargs)
  File "/home/genma/aunshop/venv/lib/python3.9/site-packages/django/utils/decorators.py", line 46, in _wrapper
    return bound_method(*args, **kwargs)
  File "/home/genma/aunshop/venv/lib/python3.9/site-packages/django/utils/decorators.py", line 134, in _wrapper_view
    response = view_func(request, *args, **kwargs)
  File "/home/genma/aunshop/venv/lib/python3.9/site-packages/django/contrib/admin/options.py", line 2106, in delete_view
    return self._delete_view(request, object_id, extra_context)
  File "/home/genma/aunshop/venv/lib/python3.9/site-packages/django/contrib/admin/options.py", line 2142, in _delete_view
    self.delete_model(request, obj)
  File "/home/genma/aunshop/users/admin.py", line 18, in delete_model
    Token.objects.filter(user=obj).delete()  # 💡 Эта строка вызывает ошибку без импорта выше
NameError: name 'Token' is not defined
Internal Server Error: /admin/users/customuser/5/delete/
Traceback (most recent call last):
  File "/home/genma/aunshop/venv/lib/python3.9/site-packages/django/core/handlers/exception.py", line 55, in inner
    response = get_response(request)
  File "/home/genma/aunshop/venv/lib/python3.9/site-packages/django/core/handlers/base.py", line 197, in _get_response
    response = wrapped_callback(request, *callback_args, **callback_kwargs)
  File "/home/genma/aunshop/venv/lib/python3.9/site-packages/django/contrib/admin/options.py", line 688, in wrapper
    return self.admin_site.admin_view(view)(*args, **kwargs)
  File "/home/genma/aunshop/venv/lib/python3.9/site-packages/django/utils/decorators.py", line 134, in _wrapper_view
    response = view_func(request, *args, **kwargs)
  File "/home/genma/aunshop/venv/lib/python3.9/site-packages/django/views/decorators/cache.py", line 62, in _wrapper_view_func
    response = view_func(request, *args, **kwargs)
  File "/home/genma/aunshop/venv/lib/python3.9/site-packages/django/contrib/admin/sites.py", line 242, in inner
    return view(request, *args, **kwargs)
  File "/home/genma/aunshop/venv/lib/python3.9/site-packages/django/utils/decorators.py", line 46, in _wrapper
    return bound_method(*args, **kwargs)
  File "/home/genma/aunshop/venv/lib/python3.9/site-packages/django/utils/decorators.py", line 134, in _wrapper_view
    response = view_func(request, *args, **kwargs)
  File "/home/genma/aunshop/venv/lib/python3.9/site-packages/django/contrib/admin/options.py", line 2106, in delete_view
    return self._delete_view(request, object_id, extra_context)
  File "/home/genma/aunshop/venv/lib/python3.9/site-packages/django/contrib/admin/options.py", line 2142, in _delete_view
    self.delete_model(request, obj)
  File "/home/genma/aunshop/users/admin.py", line 18, in delete_model
    Token.objects.filter(user=obj).delete()
AttributeError: type object 'Token' has no attribute 'objects'
Internal Server Error: /admin/users/customuser/5/delete/
Traceback (most recent call last):
  File "/home/genma/aunshop/venv/lib/python3.9/site-packages/django/db/backends/base/base.py", line 312, in _commit
    return self.connection.commit()
psycopg2.errors.ForeignKeyViolation: update or delete on table "users_customuser" violates foreign key constraint "authtoken_token_user_id_35299eff_fk_users_customuser_id" on table "authtoken_token"
DETAIL:  Key (id)=(5) is still referenced from table "authtoken_token".


The above exception was the direct cause of the following exception:

Traceback (most recent call last):
  File "/home/genma/aunshop/venv/lib/python3.9/site-packages/django/core/handlers/exception.py", line 55, in inner
    response = get_response(request)
  File "/home/genma/aunshop/venv/lib/python3.9/site-packages/django/core/handlers/base.py", line 197, in _get_response
    response = wrapped_callback(request, *callback_args, **callback_kwargs)
  File "/home/genma/aunshop/venv/lib/python3.9/site-packages/django/contrib/admin/options.py", line 688, in wrapper
    return self.admin_site.admin_view(view)(*args, **kwargs)
  File "/home/genma/aunshop/venv/lib/python3.9/site-packages/django/utils/decorators.py", line 134, in _wrapper_view
    response = view_func(request, *args, **kwargs)
  File "/home/genma/aunshop/venv/lib/python3.9/site-packages/django/views/decorators/cache.py", line 62, in _wrapper_view_func
    response = view_func(request, *args, **kwargs)
  File "/home/genma/aunshop/venv/lib/python3.9/site-packages/django/contrib/admin/sites.py", line 242, in inner
    return view(request, *args, **kwargs)
  File "/home/genma/aunshop/venv/lib/python3.9/site-packages/django/utils/decorators.py", line 46, in _wrapper
    return bound_method(*args, **kwargs)
  File "/home/genma/aunshop/venv/lib/python3.9/site-packages/django/utils/decorators.py", line 134, in _wrapper_view
    response = view_func(request, *args, **kwargs)
  File "/home/genma/aunshop/venv/lib/python3.9/site-packages/django/contrib/admin/options.py", line 2106, in delete_view
    return self._delete_view(request, object_id, extra_context)
  File "/home/genma/aunshop/venv/lib/python3.9/site-packages/django/db/transaction.py", line 263, in __exit__
    connection.commit()
  File "/home/genma/aunshop/venv/lib/python3.9/site-packages/django/utils/asyncio.py", line 26, in inner
    return func(*args, **kwargs)
  File "/home/genma/aunshop/venv/lib/python3.9/site-packages/django/db/backends/base/base.py", line 336, in commit
    self._commit()
  File "/home/genma/aunshop/venv/lib/python3.9/site-packages/django/db/backends/base/base.py", line 312, in _commit
    return self.connection.commit()
  File "/home/genma/aunshop/venv/lib/python3.9/site-packages/django/db/utils.py", line 91, in __exit__
    raise dj_exc_value.with_traceback(traceback) from exc_value
  File "/home/genma/aunshop/venv/lib/python3.9/site-packages/django/db/backends/base/base.py", line 312, in _commit
    return self.connection.commit()
django.db.utils.IntegrityError: update or delete on table "users_customuser" violates foreign key constraint "authtoken_token_user_id_35299eff_fk_users_customuser_id" on table "authtoken_token"
DETAIL:  Key (id)=(5) is still referenced from table "authtoken_token".

Internal Server Error: /api/email/send-code/
Traceback (most recent call last):
  File "/home/genma/aunshop/venv/lib/python3.9/site-packages/django/core/handlers/exception.py", line 55, in inner
    response = get_response(request)
  File "/home/genma/aunshop/venv/lib/python3.9/site-packages/django/core/handlers/base.py", line 197, in _get_response
    response = wrapped_callback(request, *callback_args, **callback_kwargs)
  File "/home/genma/aunshop/venv/lib/python3.9/site-packages/django/views/decorators/csrf.py", line 56, in wrapper_view
    return view_func(*args, **kwargs)
  File "/home/genma/aunshop/venv/lib/python3.9/site-packages/django/views/generic/base.py", line 105, in view
    return self.dispatch(request, *args, **kwargs)
  File "/home/genma/aunshop/venv/lib/python3.9/site-packages/rest_framework/views.py", line 515, in dispatch
    response = self.handle_exception(exc)
  File "/home/genma/aunshop/venv/lib/python3.9/site-packages/rest_framework/views.py", line 475, in handle_exception
    self.raise_uncaught_exception(exc)
  File "/home/genma/aunshop/venv/lib/python3.9/site-packages/rest_framework/views.py", line 486, in raise_uncaught_exception
    raise exc
  File "/home/genma/aunshop/venv/lib/python3.9/site-packages/rest_framework/views.py", line 512, in dispatch
    response = handler(request, *args, **kwargs)
  File "/home/genma/aunshop/users/views.py", line 79, in post
    EmailConfirmationCode.objects.update_or_create(
  File "/home/genma/aunshop/venv/lib/python3.9/site-packages/django/db/models/manager.py", line 87, in manager_method
    return getattr(self.get_queryset(), name)(*args, **kwargs)
  File "/home/genma/aunshop/venv/lib/python3.9/site-packages/django/db/models/query.py", line 949, in update_or_create
    obj, created = self.select_for_update().get_or_create(defaults, **kwargs)
  File "/home/genma/aunshop/venv/lib/python3.9/site-packages/django/db/models/query.py", line 916, in get_or_create
    return self.get(**kwargs), False
  File "/home/genma/aunshop/venv/lib/python3.9/site-packages/django/db/models/query.py", line 640, in get
    raise self.model.MultipleObjectsReturned(
users.models.EmailConfirmationCode.MultipleObjectsReturned: get() returned more than one EmailConfirmationCode -- it returned more than 20!
Internal Server Error: /api/email/send-code/
Traceback (most recent call last):
  File "/home/genma/aunshop/venv/lib/python3.9/site-packages/django/core/handlers/exception.py", line 55, in inner
    response = get_response(request)
  File "/home/genma/aunshop/venv/lib/python3.9/site-packages/django/core/handlers/base.py", line 197, in _get_response
    response = wrapped_callback(request, *callback_args, **callback_kwargs)
  File "/home/genma/aunshop/venv/lib/python3.9/site-packages/django/views/decorators/csrf.py", line 56, in wrapper_view
    return view_func(*args, **kwargs)
  File "/home/genma/aunshop/venv/lib/python3.9/site-packages/django/views/generic/base.py", line 105, in view
    return self.dispatch(request, *args, **kwargs)
  File "/home/genma/aunshop/venv/lib/python3.9/site-packages/rest_framework/views.py", line 515, in dispatch
    response = self.handle_exception(exc)
  File "/home/genma/aunshop/venv/lib/python3.9/site-packages/rest_framework/views.py", line 475, in handle_exception
    self.raise_uncaught_exception(exc)
  File "/home/genma/aunshop/venv/lib/python3.9/site-packages/rest_framework/views.py", line 486, in raise_uncaught_exception
    raise exc
  File "/home/genma/aunshop/venv/lib/python3.9/site-packages/rest_framework/views.py", line 512, in dispatch
    response = handler(request, *args, **kwargs)
  File "/home/genma/aunshop/users/views.py", line 79, in post
    EmailConfirmationCode.objects.update_or_create(
  File "/home/genma/aunshop/venv/lib/python3.9/site-packages/django/db/models/manager.py", line 87, in manager_method
    return getattr(self.get_queryset(), name)(*args, **kwargs)
  File "/home/genma/aunshop/venv/lib/python3.9/site-packages/django/db/models/query.py", line 949, in update_or_create
    obj, created = self.select_for_update().get_or_create(defaults, **kwargs)
  File "/home/genma/aunshop/venv/lib/python3.9/site-packages/django/db/models/query.py", line 916, in get_or_create
    return self.get(**kwargs), False
  File "/home/genma/aunshop/venv/lib/python3.9/site-packages/django/db/models/query.py", line 640, in get
    raise self.model.MultipleObjectsReturned(
users.models.EmailConfirmationCode.MultipleObjectsReturned: get() returned more than one EmailConfirmationCode -- it returned more than 20!
Internal Server Error: /api/email/send-code/
Traceback (most recent call last):
  File "/home/genma/aunshop/venv/lib/python3.9/site-packages/django/core/handlers/exception.py", line 55, in inner
    response = get_response(request)
  File "/home/genma/aunshop/venv/lib/python3.9/site-packages/django/core/handlers/base.py", line 197, in _get_response
    response = wrapped_callback(request, *callback_args, **callback_kwargs)
  File "/home/genma/aunshop/venv/lib/python3.9/site-packages/django/views/decorators/csrf.py", line 56, in wrapper_view
    return view_func(*args, **kwargs)
  File "/home/genma/aunshop/venv/lib/python3.9/site-packages/django/views/generic/base.py", line 105, in view
    return self.dispatch(request, *args, **kwargs)
  File "/home/genma/aunshop/venv/lib/python3.9/site-packages/rest_framework/views.py", line 515, in dispatch
    response = self.handle_exception(exc)
  File "/home/genma/aunshop/venv/lib/python3.9/site-packages/rest_framework/views.py", line 475, in handle_exception
    self.raise_uncaught_exception(exc)
  File "/home/genma/aunshop/venv/lib/python3.9/site-packages/rest_framework/views.py", line 486, in raise_uncaught_exception
    raise exc
  File "/home/genma/aunshop/venv/lib/python3.9/site-packages/rest_framework/views.py", line 512, in dispatch
    response = handler(request, *args, **kwargs)
  File "/home/genma/aunshop/users/views.py", line 79, in post
    EmailConfirmationCode.objects.update_or_create(
  File "/home/genma/aunshop/venv/lib/python3.9/site-packages/django/db/models/manager.py", line 87, in manager_method
    return getattr(self.get_queryset(), name)(*args, **kwargs)
  File "/home/genma/aunshop/venv/lib/python3.9/site-packages/django/db/models/query.py", line 949, in update_or_create
    obj, created = self.select_for_update().get_or_create(defaults, **kwargs)
  File "/home/genma/aunshop/venv/lib/python3.9/site-packages/django/db/models/query.py", line 916, in get_or_create
    return self.get(**kwargs), False
  File "/home/genma/aunshop/venv/lib/python3.9/site-packages/django/db/models/query.py", line 640, in get
    raise self.model.MultipleObjectsReturned(
users.models.EmailConfirmationCode.MultipleObjectsReturned: get() returned more than one EmailConfirmationCode -- it returned more than 20!
Internal Server Error: /api/email/send-code/
Traceback (most recent call last):
  File "/home/genma/aunshop/venv/lib/python3.9/site-packages/django/core/handlers/exception.py", line 55, in inner
    response = get_response(request)
  File "/home/genma/aunshop/venv/lib/python3.9/site-packages/django/core/handlers/base.py", line 197, in _get_response
    response = wrapped_callback(request, *callback_args, **callback_kwargs)
  File "/home/genma/aunshop/venv/lib/python3.9/site-packages/django/views/decorators/csrf.py", line 56, in wrapper_view
    return view_func(*args, **kwargs)
  File "/home/genma/aunshop/venv/lib/python3.9/site-packages/django/views/generic/base.py", line 105, in view
    return self.dispatch(request, *args, **kwargs)
  File "/home/genma/aunshop/venv/lib/python3.9/site-packages/rest_framework/views.py", line 515, in dispatch
    response = self.handle_exception(exc)
  File "/home/genma/aunshop/venv/lib/python3.9/site-packages/rest_framework/views.py", line 475, in handle_exception
    self.raise_uncaught_exception(exc)
  File "/home/genma/aunshop/venv/lib/python3.9/site-packages/rest_framework/views.py", line 486, in raise_uncaught_exception
    raise exc
  File "/home/genma/aunshop/venv/lib/python3.9/site-packages/rest_framework/views.py", line 512, in dispatch
    response = handler(request, *args, **kwargs)
  File "/home/genma/aunshop/users/views.py", line 79, in post
    EmailConfirmationCode.objects.update_or_create(
  File "/home/genma/aunshop/venv/lib/python3.9/site-packages/django/db/models/manager.py", line 87, in manager_method
    return getattr(self.get_queryset(), name)(*args, **kwargs)
  File "/home/genma/aunshop/venv/lib/python3.9/site-packages/django/db/models/query.py", line 949, in update_or_create
    obj, created = self.select_for_update().get_or_create(defaults, **kwargs)
  File "/home/genma/aunshop/venv/lib/python3.9/site-packages/django/db/models/query.py", line 916, in get_or_create
    return self.get(**kwargs), False
  File "/home/genma/aunshop/venv/lib/python3.9/site-packages/django/db/models/query.py", line 640, in get
    raise self.model.MultipleObjectsReturned(
users.models.EmailConfirmationCode.MultipleObjectsReturned: get() returned more than one EmailConfirmationCode -- it returned more than 20!
Internal Server Error: /api/email/send-code/
Traceback (most recent call last):
  File "/home/genma/aunshop/venv/lib/python3.9/site-packages/django/core/handlers/exception.py", line 55, in inner
    response = get_response(request)
  File "/home/genma/aunshop/venv/lib/python3.9/site-packages/django/core/handlers/base.py", line 197, in _get_response
    response = wrapped_callback(request, *callback_args, **callback_kwargs)
  File "/home/genma/aunshop/venv/lib/python3.9/site-packages/django/views/decorators/csrf.py", line 56, in wrapper_view
    return view_func(*args, **kwargs)
  File "/home/genma/aunshop/venv/lib/python3.9/site-packages/django/views/generic/base.py", line 105, in view
    return self.dispatch(request, *args, **kwargs)
  File "/home/genma/aunshop/venv/lib/python3.9/site-packages/rest_framework/views.py", line 515, in dispatch
    response = self.handle_exception(exc)
  File "/home/genma/aunshop/venv/lib/python3.9/site-packages/rest_framework/views.py", line 475, in handle_exception
    self.raise_uncaught_exception(exc)
  File "/home/genma/aunshop/venv/lib/python3.9/site-packages/rest_framework/views.py", line 486, in raise_uncaught_exception
    raise exc
  File "/home/genma/aunshop/venv/lib/python3.9/site-packages/rest_framework/views.py", line 512, in dispatch
    response = handler(request, *args, **kwargs)
  File "/home/genma/aunshop/users/views.py", line 79, in post
    EmailConfirmationCode.objects.update_or_create(
  File "/home/genma/aunshop/venv/lib/python3.9/site-packages/django/db/models/manager.py", line 87, in manager_method
    return getattr(self.get_queryset(), name)(*args, **kwargs)
  File "/home/genma/aunshop/venv/lib/python3.9/site-packages/django/db/models/query.py", line 949, in update_or_create
    obj, created = self.select_for_update().get_or_create(defaults, **kwargs)
  File "/home/genma/aunshop/venv/lib/python3.9/site-packages/django/db/models/query.py", line 916, in get_or_create
    return self.get(**kwargs), False
  File "/home/genma/aunshop/venv/lib/python3.9/site-packages/django/db/models/query.py", line 640, in get
    raise self.model.MultipleObjectsReturned(
users.models.EmailConfirmationCode.MultipleObjectsReturned: get() returned more than one EmailConfirmationCode -- it returned more than 20!
Internal Server Error: /api/email/send-code/
Traceback (most recent call last):
  File "/home/genma/aunshop/venv/lib/python3.9/site-packages/django/core/handlers/exception.py", line 55, in inner
    response = get_response(request)
  File "/home/genma/aunshop/venv/lib/python3.9/site-packages/django/core/handlers/base.py", line 197, in _get_response
    response = wrapped_callback(request, *callback_args, **callback_kwargs)
  File "/home/genma/aunshop/venv/lib/python3.9/site-packages/django/views/decorators/csrf.py", line 56, in wrapper_view
    return view_func(*args, **kwargs)
  File "/home/genma/aunshop/venv/lib/python3.9/site-packages/django/views/generic/base.py", line 105, in view
    return self.dispatch(request, *args, **kwargs)
  File "/home/genma/aunshop/venv/lib/python3.9/site-packages/rest_framework/views.py", line 515, in dispatch
    response = self.handle_exception(exc)
  File "/home/genma/aunshop/venv/lib/python3.9/site-packages/rest_framework/views.py", line 475, in handle_exception
    self.raise_uncaught_exception(exc)
  File "/home/genma/aunshop/venv/lib/python3.9/site-packages/rest_framework/views.py", line 486, in raise_uncaught_exception
    raise exc
  File "/home/genma/aunshop/venv/lib/python3.9/site-packages/rest_framework/views.py", line 512, in dispatch
    response = handler(request, *args, **kwargs)
  File "/home/genma/aunshop/users/views.py", line 79, in post
    EmailConfirmationCode.objects.update_or_create(
  File "/home/genma/aunshop/venv/lib/python3.9/site-packages/django/db/models/manager.py", line 87, in manager_method
    return getattr(self.get_queryset(), name)(*args, **kwargs)
  File "/home/genma/aunshop/venv/lib/python3.9/site-packages/django/db/models/query.py", line 949, in update_or_create
    obj, created = self.select_for_update().get_or_create(defaults, **kwargs)
  File "/home/genma/aunshop/venv/lib/python3.9/site-packages/django/db/models/query.py", line 916, in get_or_create
    return self.get(**kwargs), False
  File "/home/genma/aunshop/venv/lib/python3.9/site-packages/django/db/models/query.py", line 640, in get
    raise self.model.MultipleObjectsReturned(
users.models.EmailConfirmationCode.MultipleObjectsReturned: get() returned more than one EmailConfirmationCode -- it returned more than 20!
Internal Server Error: /api/email/confirm
Traceback (most recent call last):
  File "/home/genma/aunshop/venv/lib/python3.9/site-packages/django/core/handlers/exception.py", line 55, in inner
    response = get_response(request)
  File "/home/genma/aunshop/venv/lib/python3.9/site-packages/django/utils/deprecation.py", line 136, in __call__
    response = self.process_response(request, response)
  File "/home/genma/aunshop/venv/lib/python3.9/site-packages/django/middleware/common.py", line 108, in process_response
    return self.response_redirect_class(self.get_full_path_with_slash(request))
  File "/home/genma/aunshop/venv/lib/python3.9/site-packages/django/middleware/common.py", line 87, in get_full_path_with_slash
    raise RuntimeError(
RuntimeError: You called this URL via POST, but the URL doesn't end in a slash and you have APPEND_SLASH set. Django can't redirect to the slash URL while maintaining POST data. Change your form to point to genmashi.ru/api/email/confirm/ (note the trailing slash), or set APPEND_SLASH=False in your Django settings.
Internal Server Error: /api/notifications/settings/
Traceback (most recent call last):
  File "/home/genma/aunshop/venv/lib/python3.9/site-packages/django/core/handlers/exception.py", line 55, in inner
    response = get_response(request)
  File "/home/genma/aunshop/venv/lib/python3.9/site-packages/django/core/handlers/base.py", line 197, in _get_response
    response = wrapped_callback(request, *callback_args, **callback_kwargs)
  File "/home/genma/aunshop/venv/lib/python3.9/site-packages/django/views/decorators/csrf.py", line 56, in wrapper_view
    return view_func(*args, **kwargs)
  File "/home/genma/aunshop/venv/lib/python3.9/site-packages/django/views/generic/base.py", line 105, in view
    return self.dispatch(request, *args, **kwargs)
  File "/home/genma/aunshop/venv/lib/python3.9/site-packages/rest_framework/views.py", line 515, in dispatch
    response = self.handle_exception(exc)
  File "/home/genma/aunshop/venv/lib/python3.9/site-packages/rest_framework/views.py", line 475, in handle_exception
    self.raise_uncaught_exception(exc)
  File "/home/genma/aunshop/venv/lib/python3.9/site-packages/rest_framework/views.py", line 486, in raise_uncaught_exception
    raise exc
  File "/home/genma/aunshop/venv/lib/python3.9/site-packages/rest_framework/views.py", line 512, in dispatch
    response = handler(request, *args, **kwargs)
  File "/home/genma/aunshop/users/views.py", line 179, in post
    serializer = NotificationSettingSerializer(data=request.data)
NameError: name 'NotificationSettingSerializer' is not defined
Internal Server Error: /api/notifications/settings/
Traceback (most recent call last):
  File "/home/genma/aunshop/venv/lib/python3.9/site-packages/django/core/handlers/exception.py", line 55, in inner
    response = get_response(request)
  File "/home/genma/aunshop/venv/lib/python3.9/site-packages/django/core/handlers/base.py", line 197, in _get_response
    response = wrapped_callback(request, *callback_args, **callback_kwargs)
  File "/home/genma/aunshop/venv/lib/python3.9/site-packages/django/views/decorators/csrf.py", line 56, in wrapper_view
    return view_func(*args, **kwargs)
  File "/home/genma/aunshop/venv/lib/python3.9/site-packages/django/views/generic/base.py", line 105, in view
    return self.dispatch(request, *args, **kwargs)
  File "/home/genma/aunshop/venv/lib/python3.9/site-packages/rest_framework/views.py", line 515, in dispatch
    response = self.handle_exception(exc)
  File "/home/genma/aunshop/venv/lib/python3.9/site-packages/rest_framework/views.py", line 475, in handle_exception
    self.raise_uncaught_exception(exc)
  File "/home/genma/aunshop/venv/lib/python3.9/site-packages/rest_framework/views.py", line 486, in raise_uncaught_exception
    raise exc
  File "/home/genma/aunshop/venv/lib/python3.9/site-packages/rest_framework/views.py", line 512, in dispatch
    response = handler(request, *args, **kwargs)
  File "/home/genma/aunshop/users/views.py", line 179, in post
    serializer = NotificationSettingSerializer(data=request.data)
NameError: name 'NotificationSettingSerializer' is not defined
Internal Server Error: /api/notifications/settings/
Traceback (most recent call last):
  File "/home/genma/aunshop/venv/lib/python3.9/site-packages/django/core/handlers/exception.py", line 55, in inner
    response = get_response(request)
  File "/home/genma/aunshop/venv/lib/python3.9/site-packages/django/core/handlers/base.py", line 197, in _get_response
    response = wrapped_callback(request, *callback_args, **callback_kwargs)
  File "/home/genma/aunshop/venv/lib/python3.9/site-packages/django/views/decorators/csrf.py", line 56, in wrapper_view
    return view_func(*args, **kwargs)
  File "/home/genma/aunshop/venv/lib/python3.9/site-packages/django/views/generic/base.py", line 105, in view
    return self.dispatch(request, *args, **kwargs)
  File "/home/genma/aunshop/venv/lib/python3.9/site-packages/rest_framework/views.py", line 515, in dispatch
    response = self.handle_exception(exc)
  File "/home/genma/aunshop/venv/lib/python3.9/site-packages/rest_framework/views.py", line 475, in handle_exception
    self.raise_uncaught_exception(exc)
  File "/home/genma/aunshop/venv/lib/python3.9/site-packages/rest_framework/views.py", line 486, in raise_uncaught_exception
    raise exc
  File "/home/genma/aunshop/venv/lib/python3.9/site-packages/rest_framework/views.py", line 512, in dispatch
    response = handler(request, *args, **kwargs)
  File "/home/genma/aunshop/users/views.py", line 179, in post
    serializer = NotificationSettingSerializer(data=request.data)
NameError: name 'NotificationSettingSerializer' is not defined
Internal Server Error: /api/notifications/settings/
Traceback (most recent call last):
  File "/home/genma/aunshop/venv/lib/python3.9/site-packages/django/core/handlers/exception.py", line 55, in inner
    response = get_response(request)
  File "/home/genma/aunshop/venv/lib/python3.9/site-packages/django/core/handlers/base.py", line 197, in _get_response
    response = wrapped_callback(request, *callback_args, **callback_kwargs)
  File "/home/genma/aunshop/venv/lib/python3.9/site-packages/django/views/decorators/csrf.py", line 56, in wrapper_view
    return view_func(*args, **kwargs)
  File "/home/genma/aunshop/venv/lib/python3.9/site-packages/django/views/generic/base.py", line 105, in view
    return self.dispatch(request, *args, **kwargs)
  File "/home/genma/aunshop/venv/lib/python3.9/site-packages/rest_framework/views.py", line 515, in dispatch
    response = self.handle_exception(exc)
  File "/home/genma/aunshop/venv/lib/python3.9/site-packages/rest_framework/views.py", line 475, in handle_exception
    self.raise_uncaught_exception(exc)
  File "/home/genma/aunshop/venv/lib/python3.9/site-packages/rest_framework/views.py", line 486, in raise_uncaught_exception
    raise exc
  File "/home/genma/aunshop/venv/lib/python3.9/site-packages/rest_framework/views.py", line 512, in dispatch
    response = handler(request, *args, **kwargs)
  File "/home/genma/aunshop/users/views.py", line 179, in post
    serializer = NotificationSettingSerializer(data=request.data)
NameError: name 'NotificationSettingSerializer' is not defined
Internal Server Error: /api/notifications/settings/
Traceback (most recent call last):
  File "/home/genma/aunshop/venv/lib/python3.9/site-packages/django/core/handlers/exception.py", line 55, in inner
    response = get_response(request)
  File "/home/genma/aunshop/venv/lib/python3.9/site-packages/django/core/handlers/base.py", line 197, in _get_response
    response = wrapped_callback(request, *callback_args, **callback_kwargs)
  File "/home/genma/aunshop/venv/lib/python3.9/site-packages/django/views/decorators/csrf.py", line 56, in wrapper_view
    return view_func(*args, **kwargs)
  File "/home/genma/aunshop/venv/lib/python3.9/site-packages/django/views/generic/base.py", line 105, in view
    return self.dispatch(request, *args, **kwargs)
  File "/home/genma/aunshop/venv/lib/python3.9/site-packages/rest_framework/views.py", line 515, in dispatch
    response = self.handle_exception(exc)
  File "/home/genma/aunshop/venv/lib/python3.9/site-packages/rest_framework/views.py", line 475, in handle_exception
    self.raise_uncaught_exception(exc)
  File "/home/genma/aunshop/venv/lib/python3.9/site-packages/rest_framework/views.py", line 486, in raise_uncaught_exception
    raise exc
  File "/home/genma/aunshop/venv/lib/python3.9/site-packages/rest_framework/views.py", line 512, in dispatch
    response = handler(request, *args, **kwargs)
  File "/home/genma/aunshop/users/views.py", line 179, in post
    serializer = NotificationSettingSerializer(data=request.data)
NameError: name 'NotificationSettingSerializer' is not defined
Internal Server Error: /api/notifications/settings/
Traceback (most recent call last):
  File "/home/genma/aunshop/venv/lib/python3.9/site-packages/django/core/handlers/exception.py", line 55, in inner
    response = get_response(request)
  File "/home/genma/aunshop/venv/lib/python3.9/site-packages/django/core/handlers/base.py", line 197, in _get_response
    response = wrapped_callback(request, *callback_args, **callback_kwargs)
  File "/home/genma/aunshop/venv/lib/python3.9/site-packages/django/views/decorators/csrf.py", line 56, in wrapper_view
    return view_func(*args, **kwargs)
  File "/home/genma/aunshop/venv/lib/python3.9/site-packages/django/views/generic/base.py", line 105, in view
    return self.dispatch(request, *args, **kwargs)
  File "/home/genma/aunshop/venv/lib/python3.9/site-packages/rest_framework/views.py", line 515, in dispatch
    response = self.handle_exception(exc)
  File "/home/genma/aunshop/venv/lib/python3.9/site-packages/rest_framework/views.py", line 475, in handle_exception
    self.raise_uncaught_exception(exc)
  File "/home/genma/aunshop/venv/lib/python3.9/site-packages/rest_framework/views.py", line 486, in raise_uncaught_exception
    raise exc
  File "/home/genma/aunshop/venv/lib/python3.9/site-packages/rest_framework/views.py", line 512, in dispatch
    response = handler(request, *args, **kwargs)
  File "/home/genma/aunshop/users/views.py", line 179, in post
    serializer = NotificationSettingSerializer(data=request.data)
NameError: name 'NotificationSettingSerializer' is not defined
Internal Server Error: /api/notifications/settings/
Traceback (most recent call last):
  File "/home/genma/aunshop/venv/lib/python3.9/site-packages/django/core/handlers/exception.py", line 55, in inner
    response = get_response(request)
  File "/home/genma/aunshop/venv/lib/python3.9/site-packages/django/core/handlers/base.py", line 197, in _get_response
    response = wrapped_callback(request, *callback_args, **callback_kwargs)
  File "/home/genma/aunshop/venv/lib/python3.9/site-packages/django/views/decorators/csrf.py", line 56, in wrapper_view
    return view_func(*args, **kwargs)
  File "/home/genma/aunshop/venv/lib/python3.9/site-packages/django/views/generic/base.py", line 105, in view
    return self.dispatch(request, *args, **kwargs)
  File "/home/genma/aunshop/venv/lib/python3.9/site-packages/rest_framework/views.py", line 515, in dispatch
    response = self.handle_exception(exc)
  File "/home/genma/aunshop/venv/lib/python3.9/site-packages/rest_framework/views.py", line 475, in handle_exception
    self.raise_uncaught_exception(exc)
  File "/home/genma/aunshop/venv/lib/python3.9/site-packages/rest_framework/views.py", line 486, in raise_uncaught_exception
    raise exc
  File "/home/genma/aunshop/venv/lib/python3.9/site-packages/rest_framework/views.py", line 512, in dispatch
    response = handler(request, *args, **kwargs)
  File "/home/genma/aunshop/users/views.py", line 179, in post
    serializer = NotificationSettingSerializer(data=request.data)
NameError: name 'NotificationSettingSerializer' is not defined
Internal Server Error: /api/docs
Traceback (most recent call last):
  File "/home/genma/aunshop/venv/lib/python3.9/site-packages/django/core/handlers/exception.py", line 55, in inner
    response = get_response(request)
  File "/home/genma/aunshop/venv/lib/python3.9/site-packages/django/utils/deprecation.py", line 136, in __call__
    response = self.process_response(request, response)
  File "/home/genma/aunshop/venv/lib/python3.9/site-packages/django/middleware/common.py", line 108, in process_response
    return self.response_redirect_class(self.get_full_path_with_slash(request))
  File "/home/genma/aunshop/venv/lib/python3.9/site-packages/django/middleware/common.py", line 87, in get_full_path_with_slash
    raise RuntimeError(
RuntimeError: You called this URL via POST, but the URL doesn't end in a slash and you have APPEND_SLASH set. Django can't redirect to the slash URL while maintaining POST data. Change your form to point to genmashi.ru/api/docs/ (note the trailing slash), or set APPEND_SLASH=False in your Django settings.
Internal Server Error: /api/docs
Traceback (most recent call last):
  File "/home/genma/aunshop/venv/lib/python3.9/site-packages/django/core/handlers/exception.py", line 55, in inner
    response = get_response(request)
  File "/home/genma/aunshop/venv/lib/python3.9/site-packages/django/utils/deprecation.py", line 136, in __call__
    response = self.process_response(request, response)
  File "/home/genma/aunshop/venv/lib/python3.9/site-packages/django/middleware/common.py", line 108, in process_response
    return self.response_redirect_class(self.get_full_path_with_slash(request))
  File "/home/genma/aunshop/venv/lib/python3.9/site-packages/django/middleware/common.py", line 87, in get_full_path_with_slash
    raise RuntimeError(
RuntimeError: You called this URL via POST, but the URL doesn't end in a slash and you have APPEND_SLASH set. Django can't redirect to the slash URL while maintaining POST data. Change your form to point to genmashi.ru/api/docs/ (note the trailing slash), or set APPEND_SLASH=False in your Django settings.
Internal Server Error: /api/password/send-code
Traceback (most recent call last):
  File "/home/genma/aunshop/venv/lib/python3.9/site-packages/django/core/handlers/exception.py", line 55, in inner
    response = get_response(request)
  File "/home/genma/aunshop/venv/lib/python3.9/site-packages/django/utils/deprecation.py", line 136, in __call__
    response = self.process_response(request, response)
  File "/home/genma/aunshop/venv/lib/python3.9/site-packages/django/middleware/common.py", line 108, in process_response
    return self.response_redirect_class(self.get_full_path_with_slash(request))
  File "/home/genma/aunshop/venv/lib/python3.9/site-packages/django/middleware/common.py", line 87, in get_full_path_with_slash
    raise RuntimeError(
RuntimeError: You called this URL via POST, but the URL doesn't end in a slash and you have APPEND_SLASH set. Django can't redirect to the slash URL while maintaining POST data. Change your form to point to genmashi.ru/api/password/send-code/ (note the trailing slash), or set APPEND_SLASH=False in your Django settings.
Internal Server Error: /api/password/send-code
Traceback (most recent call last):
  File "/home/genma/aunshop/venv/lib/python3.9/site-packages/django/core/handlers/exception.py", line 55, in inner
    response = get_response(request)
  File "/home/genma/aunshop/venv/lib/python3.9/site-packages/django/utils/deprecation.py", line 136, in __call__
    response = self.process_response(request, response)
  File "/home/genma/aunshop/venv/lib/python3.9/site-packages/django/middleware/common.py", line 108, in process_response
    return self.response_redirect_class(self.get_full_path_with_slash(request))
  File "/home/genma/aunshop/venv/lib/python3.9/site-packages/django/middleware/common.py", line 87, in get_full_path_with_slash
    raise RuntimeError(
RuntimeError: You called this URL via POST, but the URL doesn't end in a slash and you have APPEND_SLASH set. Django can't redirect to the slash URL while maintaining POST data. Change your form to point to genmashi.ru/api/password/send-code/ (note the trailing slash), or set APPEND_SLASH=False in your Django settings.
Internal Server Error: /api/password/send-code
Traceback (most recent call last):
  File "/home/genma/aunshop/venv/lib/python3.9/site-packages/django/core/handlers/exception.py", line 55, in inner
    response = get_response(request)
  File "/home/genma/aunshop/venv/lib/python3.9/site-packages/django/utils/deprecation.py", line 136, in __call__
    response = self.process_response(request, response)
  File "/home/genma/aunshop/venv/lib/python3.9/site-packages/django/middleware/common.py", line 108, in process_response
    return self.response_redirect_class(self.get_full_path_with_slash(request))
  File "/home/genma/aunshop/venv/lib/python3.9/site-packages/django/middleware/common.py", line 87, in get_full_path_with_slash
    raise RuntimeError(
RuntimeError: You called this URL via POST, but the URL doesn't end in a slash and you have APPEND_SLASH set. Django can't redirect to the slash URL while maintaining POST data. Change your form to point to genmashi.ru/api/password/send-code/ (note the trailing slash), or set APPEND_SLASH=False in your Django settings.
Internal Server Error: /api/password/send-code
Traceback (most recent call last):
  File "/home/genma/aunshop/venv/lib/python3.9/site-packages/django/core/handlers/exception.py", line 55, in inner
    response = get_response(request)
  File "/home/genma/aunshop/venv/lib/python3.9/site-packages/django/utils/deprecation.py", line 136, in __call__
    response = self.process_response(request, response)
  File "/home/genma/aunshop/venv/lib/python3.9/site-packages/django/middleware/common.py", line 108, in process_response
    return self.response_redirect_class(self.get_full_path_with_slash(request))
  File "/home/genma/aunshop/venv/lib/python3.9/site-packages/django/middleware/common.py", line 87, in get_full_path_with_slash
    raise RuntimeError(
RuntimeError: You called this URL via POST, but the URL doesn't end in a slash and you have APPEND_SLASH set. Django can't redirect to the slash URL while maintaining POST data. Change your form to point to genmashi.ru/api/password/send-code/ (note the trailing slash), or set APPEND_SLASH=False in your Django settings.
Internal Server Error: /api/password/send-code
Traceback (most recent call last):
  File "/home/genma/aunshop/venv/lib/python3.9/site-packages/django/core/handlers/exception.py", line 55, in inner
    response = get_response(request)
  File "/home/genma/aunshop/venv/lib/python3.9/site-packages/django/utils/deprecation.py", line 136, in __call__
    response = self.process_response(request, response)
  File "/home/genma/aunshop/venv/lib/python3.9/site-packages/django/middleware/common.py", line 108, in process_response
    return self.response_redirect_class(self.get_full_path_with_slash(request))
  File "/home/genma/aunshop/venv/lib/python3.9/site-packages/django/middleware/common.py", line 87, in get_full_path_with_slash
    raise RuntimeError(
RuntimeError: You called this URL via POST, but the URL doesn't end in a slash and you have APPEND_SLASH set. Django can't redirect to the slash URL while maintaining POST data. Change your form to point to genmashi.ru/api/password/send-code/ (note the trailing slash), or set APPEND_SLASH=False in your Django settings.
Internal Server Error: /api/password/send-code
Traceback (most recent call last):
  File "/home/genma/aunshop/venv/lib/python3.9/site-packages/django/core/handlers/exception.py", line 55, in inner
    response = get_response(request)
  File "/home/genma/aunshop/venv/lib/python3.9/site-packages/django/utils/deprecation.py", line 136, in __call__
    response = self.process_response(request, response)
  File "/home/genma/aunshop/venv/lib/python3.9/site-packages/django/middleware/common.py", line 108, in process_response
    return self.response_redirect_class(self.get_full_path_with_slash(request))
  File "/home/genma/aunshop/venv/lib/python3.9/site-packages/django/middleware/common.py", line 87, in get_full_path_with_slash
    raise RuntimeError(
RuntimeError: You called this URL via POST, but the URL doesn't end in a slash and you have APPEND_SLASH set. Django can't redirect to the slash URL while maintaining POST data. Change your form to point to genmashi.ru/api/password/send-code/ (note the trailing slash), or set APPEND_SLASH=False in your Django settings.
Internal Server Error: /api/password/send-code
Traceback (most recent call last):
  File "/home/genma/aunshop/venv/lib/python3.9/site-packages/django/core/handlers/exception.py", line 55, in inner
    response = get_response(request)
  File "/home/genma/aunshop/venv/lib/python3.9/site-packages/django/utils/deprecation.py", line 136, in __call__
    response = self.process_response(request, response)
  File "/home/genma/aunshop/venv/lib/python3.9/site-packages/django/middleware/common.py", line 108, in process_response
    return self.response_redirect_class(self.get_full_path_with_slash(request))
  File "/home/genma/aunshop/venv/lib/python3.9/site-packages/django/middleware/common.py", line 87, in get_full_path_with_slash
    raise RuntimeError(
RuntimeError: You called this URL via POST, but the URL doesn't end in a slash and you have APPEND_SLASH set. Django can't redirect to the slash URL while maintaining POST data. Change your form to point to genmashi.ru/api/password/send-code/ (note the trailing slash), or set APPEND_SLASH=False in your Django settings.
Internal Server Error: /api/password/send-code
Traceback (most recent call last):
  File "/home/genma/aunshop/venv/lib/python3.9/site-packages/django/core/handlers/exception.py", line 55, in inner
    response = get_response(request)
  File "/home/genma/aunshop/venv/lib/python3.9/site-packages/django/utils/deprecation.py", line 136, in __call__
    response = self.process_response(request, response)
  File "/home/genma/aunshop/venv/lib/python3.9/site-packages/django/middleware/common.py", line 108, in process_response
    return self.response_redirect_class(self.get_full_path_with_slash(request))
  File "/home/genma/aunshop/venv/lib/python3.9/site-packages/django/middleware/common.py", line 87, in get_full_path_with_slash
    raise RuntimeError(
RuntimeError: You called this URL via POST, but the URL doesn't end in a slash and you have APPEND_SLASH set. Django can't redirect to the slash URL while maintaining POST data. Change your form to point to genmashi.ru/api/password/send-code/ (note the trailing slash), or set APPEND_SLASH=False in your Django settings.
Internal Server Error: /api/password/send-code
Traceback (most recent call last):
  File "/home/genma/aunshop/venv/lib/python3.9/site-packages/django/core/handlers/exception.py", line 55, in inner
    response = get_response(request)
  File "/home/genma/aunshop/venv/lib/python3.9/site-packages/django/utils/deprecation.py", line 136, in __call__
    response = self.process_response(request, response)
  File "/home/genma/aunshop/venv/lib/python3.9/site-packages/django/middleware/common.py", line 108, in process_response
    return self.response_redirect_class(self.get_full_path_with_slash(request))
  File "/home/genma/aunshop/venv/lib/python3.9/site-packages/django/middleware/common.py", line 87, in get_full_path_with_slash
    raise RuntimeError(
RuntimeError: You called this URL via POST, but the URL doesn't end in a slash and you have APPEND_SLASH set. Django can't redirect to the slash URL while maintaining POST data. Change your form to point to genmashi.ru/api/password/send-code/ (note the trailing slash), or set APPEND_SLASH=False in your Django settings.
Invalid HTTP_HOST header: '038.180.037.083'. You may need to add '038.180.037.083' to ALLOWED_HOSTS.
Traceback (most recent call last):
  File "/home/genma/aunshop/venv/lib/python3.9/site-packages/django/core/handlers/exception.py", line 55, in inner
    response = get_response(request)
  File "/home/genma/aunshop/venv/lib/python3.9/site-packages/django/utils/deprecation.py", line 133, in __call__
    response = self.process_request(request)
  File "/home/genma/aunshop/venv/lib/python3.9/site-packages/django/middleware/common.py", line 48, in process_request
    host = request.get_host()
  File "/home/genma/aunshop/venv/lib/python3.9/site-packages/django/http/request.py", line 150, in get_host
    raise DisallowedHost(msg)
django.core.exceptions.DisallowedHost: Invalid HTTP_HOST header: '038.180.037.083'. You may need to add '038.180.037.083' to ALLOWED_HOSTS.
Internal Server Error: /api/token/refresh/
Traceback (most recent call last):
  File "/home/genma/aunshop/venv/lib/python3.9/site-packages/django/core/handlers/exception.py", line 55, in inner
    response = get_response(request)
  File "/home/genma/aunshop/venv/lib/python3.9/site-packages/django/core/handlers/base.py", line 197, in _get_response
    response = wrapped_callback(request, *callback_args, **callback_kwargs)
  File "/home/genma/aunshop/venv/lib/python3.9/site-packages/django/views/decorators/csrf.py", line 56, in wrapper_view
    return view_func(*args, **kwargs)
  File "/home/genma/aunshop/venv/lib/python3.9/site-packages/django/views/generic/base.py", line 105, in view
    return self.dispatch(request, *args, **kwargs)
  File "/home/genma/aunshop/venv/lib/python3.9/site-packages/rest_framework/views.py", line 515, in dispatch
    response = self.handle_exception(exc)
  File "/home/genma/aunshop/venv/lib/python3.9/site-packages/rest_framework/views.py", line 475, in handle_exception
    self.raise_uncaught_exception(exc)
  File "/home/genma/aunshop/venv/lib/python3.9/site-packages/rest_framework/views.py", line 486, in raise_uncaught_exception
    raise exc
  File "/home/genma/aunshop/venv/lib/python3.9/site-packages/rest_framework/views.py", line 512, in dispatch
    response = handler(request, *args, **kwargs)
  File "/home/genma/aunshop/venv/lib/python3.9/site-packages/rest_framework_simplejwt/views.py", line 44, in post
    serializer.is_valid(raise_exception=True)
  File "/home/genma/aunshop/venv/lib/python3.9/site-packages/rest_framework/serializers.py", line 225, in is_valid
    self._validated_data = self.run_validation(self.initial_data)
  File "/home/genma/aunshop/venv/lib/python3.9/site-packages/rest_framework/serializers.py", line 447, in run_validation
    value = self.validate(value)
  File "/home/genma/aunshop/venv/lib/python3.9/site-packages/rest_framework_simplejwt/serializers.py", line 116, in validate
    user := get_user_model().objects.get(
  File "/home/genma/aunshop/venv/lib/python3.9/site-packages/django/db/models/manager.py", line 87, in manager_method
    return getattr(self.get_queryset(), name)(*args, **kwargs)
  File "/home/genma/aunshop/venv/lib/python3.9/site-packages/django/db/models/query.py", line 637, in get
    raise self.model.DoesNotExist(
users.models.CustomUser.DoesNotExist: CustomUser matching query does not exist.
Internal Server Error: /api/token/refresh/
Traceback (most recent call last):
  File "/home/genma/aunshop/venv/lib/python3.9/site-packages/django/core/handlers/exception.py", line 55, in inner
    response = get_response(request)
  File "/home/genma/aunshop/venv/lib/python3.9/site-packages/django/core/handlers/base.py", line 197, in _get_response
    response = wrapped_callback(request, *callback_args, **callback_kwargs)
  File "/home/genma/aunshop/venv/lib/python3.9/site-packages/django/views/decorators/csrf.py", line 56, in wrapper_view
    return view_func(*args, **kwargs)
  File "/home/genma/aunshop/venv/lib/python3.9/site-packages/django/views/generic/base.py", line 105, in view
    return self.dispatch(request, *args, **kwargs)
  File "/home/genma/aunshop/venv/lib/python3.9/site-packages/rest_framework/views.py", line 515, in dispatch
    response = self.handle_exception(exc)
  File "/home/genma/aunshop/venv/lib/python3.9/site-packages/rest_framework/views.py", line 475, in handle_exception
    self.raise_uncaught_exception(exc)
  File "/home/genma/aunshop/venv/lib/python3.9/site-packages/rest_framework/views.py", line 486, in raise_uncaught_exception
    raise exc
  File "/home/genma/aunshop/venv/lib/python3.9/site-packages/rest_framework/views.py", line 512, in dispatch
    response = handler(request, *args, **kwargs)
  File "/home/genma/aunshop/venv/lib/python3.9/site-packages/rest_framework_simplejwt/views.py", line 44, in post
    serializer.is_valid(raise_exception=True)
  File "/home/genma/aunshop/venv/lib/python3.9/site-packages/rest_framework/serializers.py", line 225, in is_valid
    self._validated_data = self.run_validation(self.initial_data)
  File "/home/genma/aunshop/venv/lib/python3.9/site-packages/rest_framework/serializers.py", line 447, in run_validation
    value = self.validate(value)
  File "/home/genma/aunshop/venv/lib/python3.9/site-packages/rest_framework_simplejwt/serializers.py", line 116, in validate
    user := get_user_model().objects.get(
  File "/home/genma/aunshop/venv/lib/python3.9/site-packages/django/db/models/manager.py", line 87, in manager_method
    return getattr(self.get_queryset(), name)(*args, **kwargs)
  File "/home/genma/aunshop/venv/lib/python3.9/site-packages/django/db/models/query.py", line 637, in get
    raise self.model.DoesNotExist(
users.models.CustomUser.DoesNotExist: CustomUser matching query does not exist.
Internal Server Error: /api/token/refresh/
Traceback (most recent call last):
  File "/home/genma/aunshop/venv/lib/python3.9/site-packages/django/core/handlers/exception.py", line 55, in inner
    response = get_response(request)
  File "/home/genma/aunshop/venv/lib/python3.9/site-packages/django/core/handlers/base.py", line 197, in _get_response
    response = wrapped_callback(request, *callback_args, **callback_kwargs)
  File "/home/genma/aunshop/venv/lib/python3.9/site-packages/django/views/decorators/csrf.py", line 56, in wrapper_view
    return view_func(*args, **kwargs)
  File "/home/genma/aunshop/venv/lib/python3.9/site-packages/django/views/generic/base.py", line 105, in view
    return self.dispatch(request, *args, **kwargs)
  File "/home/genma/aunshop/venv/lib/python3.9/site-packages/rest_framework/views.py", line 515, in dispatch
    response = self.handle_exception(exc)
  File "/home/genma/aunshop/venv/lib/python3.9/site-packages/rest_framework/views.py", line 475, in handle_exception
    self.raise_uncaught_exception(exc)
  File "/home/genma/aunshop/venv/lib/python3.9/site-packages/rest_framework/views.py", line 486, in raise_uncaught_exception
    raise exc
  File "/home/genma/aunshop/venv/lib/python3.9/site-packages/rest_framework/views.py", line 512, in dispatch
    response = handler(request, *args, **kwargs)
  File "/home/genma/aunshop/venv/lib/python3.9/site-packages/rest_framework_simplejwt/views.py", line 44, in post
    serializer.is_valid(raise_exception=True)
  File "/home/genma/aunshop/venv/lib/python3.9/site-packages/rest_framework/serializers.py", line 225, in is_valid
    self._validated_data = self.run_validation(self.initial_data)
  File "/home/genma/aunshop/venv/lib/python3.9/site-packages/rest_framework/serializers.py", line 447, in run_validation
    value = self.validate(value)
  File "/home/genma/aunshop/venv/lib/python3.9/site-packages/rest_framework_simplejwt/serializers.py", line 116, in validate
    user := get_user_model().objects.get(
  File "/home/genma/aunshop/venv/lib/python3.9/site-packages/django/db/models/manager.py", line 87, in manager_method
    return getattr(self.get_queryset(), name)(*args, **kwargs)
  File "/home/genma/aunshop/venv/lib/python3.9/site-packages/django/db/models/query.py", line 637, in get
    raise self.model.DoesNotExist(
users.models.CustomUser.DoesNotExist: CustomUser matching query does not exist.
Internal Server Error: /api/token/refresh/
Traceback (most recent call last):
  File "/home/genma/aunshop/venv/lib/python3.9/site-packages/django/core/handlers/exception.py", line 55, in inner
    response = get_response(request)
  File "/home/genma/aunshop/venv/lib/python3.9/site-packages/django/core/handlers/base.py", line 197, in _get_response
    response = wrapped_callback(request, *callback_args, **callback_kwargs)
  File "/home/genma/aunshop/venv/lib/python3.9/site-packages/django/views/decorators/csrf.py", line 56, in wrapper_view
    return view_func(*args, **kwargs)
  File "/home/genma/aunshop/venv/lib/python3.9/site-packages/django/views/generic/base.py", line 105, in view
    return self.dispatch(request, *args, **kwargs)
  File "/home/genma/aunshop/venv/lib/python3.9/site-packages/rest_framework/views.py", line 515, in dispatch
    response = self.handle_exception(exc)
  File "/home/genma/aunshop/venv/lib/python3.9/site-packages/rest_framework/views.py", line 475, in handle_exception
    self.raise_uncaught_exception(exc)
  File "/home/genma/aunshop/venv/lib/python3.9/site-packages/rest_framework/views.py", line 486, in raise_uncaught_exception
    raise exc
  File "/home/genma/aunshop/venv/lib/python3.9/site-packages/rest_framework/views.py", line 512, in dispatch
    response = handler(request, *args, **kwargs)
  File "/home/genma/aunshop/venv/lib/python3.9/site-packages/rest_framework_simplejwt/views.py", line 44, in post
    serializer.is_valid(raise_exception=True)
  File "/home/genma/aunshop/venv/lib/python3.9/site-packages/rest_framework/serializers.py", line 225, in is_valid
    self._validated_data = self.run_validation(self.initial_data)
  File "/home/genma/aunshop/venv/lib/python3.9/site-packages/rest_framework/serializers.py", line 447, in run_validation
    value = self.validate(value)
  File "/home/genma/aunshop/venv/lib/python3.9/site-packages/rest_framework_simplejwt/serializers.py", line 116, in validate
    user := get_user_model().objects.get(
  File "/home/genma/aunshop/venv/lib/python3.9/site-packages/django/db/models/manager.py", line 87, in manager_method
    return getattr(self.get_queryset(), name)(*args, **kwargs)
  File "/home/genma/aunshop/venv/lib/python3.9/site-packages/django/db/models/query.py", line 637, in get
    raise self.model.DoesNotExist(
users.models.CustomUser.DoesNotExist: CustomUser matching query does not exist.
Internal Server Error: /api/token/refresh/
Traceback (most recent call last):
  File "/home/genma/aunshop/venv/lib/python3.9/site-packages/django/core/handlers/exception.py", line 55, in inner
    response = get_response(request)
  File "/home/genma/aunshop/venv/lib/python3.9/site-packages/django/core/handlers/base.py", line 197, in _get_response
    response = wrapped_callback(request, *callback_args, **callback_kwargs)
  File "/home/genma/aunshop/venv/lib/python3.9/site-packages/django/views/decorators/csrf.py", line 56, in wrapper_view
    return view_func(*args, **kwargs)
  File "/home/genma/aunshop/venv/lib/python3.9/site-packages/django/views/generic/base.py", line 105, in view
    return self.dispatch(request, *args, **kwargs)
  File "/home/genma/aunshop/venv/lib/python3.9/site-packages/rest_framework/views.py", line 515, in dispatch
    response = self.handle_exception(exc)
  File "/home/genma/aunshop/venv/lib/python3.9/site-packages/rest_framework/views.py", line 475, in handle_exception
    self.raise_uncaught_exception(exc)
  File "/home/genma/aunshop/venv/lib/python3.9/site-packages/rest_framework/views.py", line 486, in raise_uncaught_exception
    raise exc
  File "/home/genma/aunshop/venv/lib/python3.9/site-packages/rest_framework/views.py", line 512, in dispatch
    response = handler(request, *args, **kwargs)
  File "/home/genma/aunshop/venv/lib/python3.9/site-packages/rest_framework_simplejwt/views.py", line 44, in post
    serializer.is_valid(raise_exception=True)
  File "/home/genma/aunshop/venv/lib/python3.9/site-packages/rest_framework/serializers.py", line 225, in is_valid
    self._validated_data = self.run_validation(self.initial_data)
  File "/home/genma/aunshop/venv/lib/python3.9/site-packages/rest_framework/serializers.py", line 447, in run_validation
    value = self.validate(value)
  File "/home/genma/aunshop/venv/lib/python3.9/site-packages/rest_framework_simplejwt/serializers.py", line 116, in validate
    user := get_user_model().objects.get(
  File "/home/genma/aunshop/venv/lib/python3.9/site-packages/django/db/models/manager.py", line 87, in manager_method
    return getattr(self.get_queryset(), name)(*args, **kwargs)
  File "/home/genma/aunshop/venv/lib/python3.9/site-packages/django/db/models/query.py", line 637, in get
    raise self.model.DoesNotExist(
users.models.CustomUser.DoesNotExist: CustomUser matching query does not exist.
Internal Server Error: /api/token/refresh/
Traceback (most recent call last):
  File "/home/genma/aunshop/venv/lib/python3.9/site-packages/django/core/handlers/exception.py", line 55, in inner
    response = get_response(request)
  File "/home/genma/aunshop/venv/lib/python3.9/site-packages/django/core/handlers/base.py", line 197, in _get_response
    response = wrapped_callback(request, *callback_args, **callback_kwargs)
  File "/home/genma/aunshop/venv/lib/python3.9/site-packages/django/views/decorators/csrf.py", line 56, in wrapper_view
    return view_func(*args, **kwargs)
  File "/home/genma/aunshop/venv/lib/python3.9/site-packages/django/views/generic/base.py", line 105, in view
    return self.dispatch(request, *args, **kwargs)
  File "/home/genma/aunshop/venv/lib/python3.9/site-packages/rest_framework/views.py", line 515, in dispatch
    response = self.handle_exception(exc)
  File "/home/genma/aunshop/venv/lib/python3.9/site-packages/rest_framework/views.py", line 475, in handle_exception
    self.raise_uncaught_exception(exc)
  File "/home/genma/aunshop/venv/lib/python3.9/site-packages/rest_framework/views.py", line 486, in raise_uncaught_exception
    raise exc
  File "/home/genma/aunshop/venv/lib/python3.9/site-packages/rest_framework/views.py", line 512, in dispatch
    response = handler(request, *args, **kwargs)
  File "/home/genma/aunshop/venv/lib/python3.9/site-packages/rest_framework_simplejwt/views.py", line 44, in post
    serializer.is_valid(raise_exception=True)
  File "/home/genma/aunshop/venv/lib/python3.9/site-packages/rest_framework/serializers.py", line 225, in is_valid
    self._validated_data = self.run_validation(self.initial_data)
  File "/home/genma/aunshop/venv/lib/python3.9/site-packages/rest_framework/serializers.py", line 447, in run_validation
    value = self.validate(value)
  File "/home/genma/aunshop/venv/lib/python3.9/site-packages/rest_framework_simplejwt/serializers.py", line 116, in validate
    user := get_user_model().objects.get(
  File "/home/genma/aunshop/venv/lib/python3.9/site-packages/django/db/models/manager.py", line 87, in manager_method
    return getattr(self.get_queryset(), name)(*args, **kwargs)
  File "/home/genma/aunshop/venv/lib/python3.9/site-packages/django/db/models/query.py", line 637, in get
    raise self.model.DoesNotExist(
users.models.CustomUser.DoesNotExist: CustomUser matching query does not exist.
Internal Server Error: /api/token/refresh/
Traceback (most recent call last):
  File "/home/genma/aunshop/venv/lib/python3.9/site-packages/django/core/handlers/exception.py", line 55, in inner
    response = get_response(request)
  File "/home/genma/aunshop/venv/lib/python3.9/site-packages/django/core/handlers/base.py", line 197, in _get_response
    response = wrapped_callback(request, *callback_args, **callback_kwargs)
  File "/home/genma/aunshop/venv/lib/python3.9/site-packages/django/views/decorators/csrf.py", line 56, in wrapper_view
    return view_func(*args, **kwargs)
  File "/home/genma/aunshop/venv/lib/python3.9/site-packages/django/views/generic/base.py", line 105, in view
    return self.dispatch(request, *args, **kwargs)
  File "/home/genma/aunshop/venv/lib/python3.9/site-packages/rest_framework/views.py", line 515, in dispatch
    response = self.handle_exception(exc)
  File "/home/genma/aunshop/venv/lib/python3.9/site-packages/rest_framework/views.py", line 475, in handle_exception
    self.raise_uncaught_exception(exc)
  File "/home/genma/aunshop/venv/lib/python3.9/site-packages/rest_framework/views.py", line 486, in raise_uncaught_exception
    raise exc
  File "/home/genma/aunshop/venv/lib/python3.9/site-packages/rest_framework/views.py", line 512, in dispatch
    response = handler(request, *args, **kwargs)
  File "/home/genma/aunshop/venv/lib/python3.9/site-packages/rest_framework_simplejwt/views.py", line 44, in post
    serializer.is_valid(raise_exception=True)
  File "/home/genma/aunshop/venv/lib/python3.9/site-packages/rest_framework/serializers.py", line 225, in is_valid
    self._validated_data = self.run_validation(self.initial_data)
  File "/home/genma/aunshop/venv/lib/python3.9/site-packages/rest_framework/serializers.py", line 447, in run_validation
    value = self.validate(value)
  File "/home/genma/aunshop/venv/lib/python3.9/site-packages/rest_framework_simplejwt/serializers.py", line 116, in validate
    user := get_user_model().objects.get(
  File "/home/genma/aunshop/venv/lib/python3.9/site-packages/django/db/models/manager.py", line 87, in manager_method
    return getattr(self.get_queryset(), name)(*args, **kwargs)
  File "/home/genma/aunshop/venv/lib/python3.9/site-packages/django/db/models/query.py", line 637, in get
    raise self.model.DoesNotExist(
users.models.CustomUser.DoesNotExist: CustomUser matching query does not exist.
Internal Server Error: /api/token/refresh/
Traceback (most recent call last):
  File "/home/genma/aunshop/venv/lib/python3.9/site-packages/django/core/handlers/exception.py", line 55, in inner
    response = get_response(request)
  File "/home/genma/aunshop/venv/lib/python3.9/site-packages/django/core/handlers/base.py", line 197, in _get_response
    response = wrapped_callback(request, *callback_args, **callback_kwargs)
  File "/home/genma/aunshop/venv/lib/python3.9/site-packages/django/views/decorators/csrf.py", line 56, in wrapper_view
    return view_func(*args, **kwargs)
  File "/home/genma/aunshop/venv/lib/python3.9/site-packages/django/views/generic/base.py", line 105, in view
    return self.dispatch(request, *args, **kwargs)
  File "/home/genma/aunshop/venv/lib/python3.9/site-packages/rest_framework/views.py", line 515, in dispatch
    response = self.handle_exception(exc)
  File "/home/genma/aunshop/venv/lib/python3.9/site-packages/rest_framework/views.py", line 475, in handle_exception
    self.raise_uncaught_exception(exc)
  File "/home/genma/aunshop/venv/lib/python3.9/site-packages/rest_framework/views.py", line 486, in raise_uncaught_exception
    raise exc
  File "/home/genma/aunshop/venv/lib/python3.9/site-packages/rest_framework/views.py", line 512, in dispatch
    response = handler(request, *args, **kwargs)
  File "/home/genma/aunshop/venv/lib/python3.9/site-packages/rest_framework_simplejwt/views.py", line 44, in post
    serializer.is_valid(raise_exception=True)
  File "/home/genma/aunshop/venv/lib/python3.9/site-packages/rest_framework/serializers.py", line 225, in is_valid
    self._validated_data = self.run_validation(self.initial_data)
  File "/home/genma/aunshop/venv/lib/python3.9/site-packages/rest_framework/serializers.py", line 447, in run_validation
    value = self.validate(value)
  File "/home/genma/aunshop/venv/lib/python3.9/site-packages/rest_framework_simplejwt/serializers.py", line 116, in validate
    user := get_user_model().objects.get(
  File "/home/genma/aunshop/venv/lib/python3.9/site-packages/django/db/models/manager.py", line 87, in manager_method
    return getattr(self.get_queryset(), name)(*args, **kwargs)
  File "/home/genma/aunshop/venv/lib/python3.9/site-packages/django/db/models/query.py", line 637, in get
    raise self.model.DoesNotExist(
users.models.CustomUser.DoesNotExist: CustomUser matching query does not exist.
Internal Server Error: /api/token/refresh/
Traceback (most recent call last):
  File "/home/genma/aunshop/venv/lib/python3.9/site-packages/django/core/handlers/exception.py", line 55, in inner
    response = get_response(request)
  File "/home/genma/aunshop/venv/lib/python3.9/site-packages/django/core/handlers/base.py", line 197, in _get_response
    response = wrapped_callback(request, *callback_args, **callback_kwargs)
  File "/home/genma/aunshop/venv/lib/python3.9/site-packages/django/views/decorators/csrf.py", line 56, in wrapper_view
    return view_func(*args, **kwargs)
  File "/home/genma/aunshop/venv/lib/python3.9/site-packages/django/views/generic/base.py", line 105, in view
    return self.dispatch(request, *args, **kwargs)
  File "/home/genma/aunshop/venv/lib/python3.9/site-packages/rest_framework/views.py", line 515, in dispatch
    response = self.handle_exception(exc)
  File "/home/genma/aunshop/venv/lib/python3.9/site-packages/rest_framework/views.py", line 475, in handle_exception
    self.raise_uncaught_exception(exc)
  File "/home/genma/aunshop/venv/lib/python3.9/site-packages/rest_framework/views.py", line 486, in raise_uncaught_exception
    raise exc
  File "/home/genma/aunshop/venv/lib/python3.9/site-packages/rest_framework/views.py", line 512, in dispatch
    response = handler(request, *args, **kwargs)
  File "/home/genma/aunshop/venv/lib/python3.9/site-packages/rest_framework_simplejwt/views.py", line 44, in post
    serializer.is_valid(raise_exception=True)
  File "/home/genma/aunshop/venv/lib/python3.9/site-packages/rest_framework/serializers.py", line 225, in is_valid
    self._validated_data = self.run_validation(self.initial_data)
  File "/home/genma/aunshop/venv/lib/python3.9/site-packages/rest_framework/serializers.py", line 447, in run_validation
    value = self.validate(value)
  File "/home/genma/aunshop/venv/lib/python3.9/site-packages/rest_framework_simplejwt/serializers.py", line 116, in validate
    user := get_user_model().objects.get(
  File "/home/genma/aunshop/venv/lib/python3.9/site-packages/django/db/models/manager.py", line 87, in manager_method
    return getattr(self.get_queryset(), name)(*args, **kwargs)
  File "/home/genma/aunshop/venv/lib/python3.9/site-packages/django/db/models/query.py", line 637, in get
    raise self.model.DoesNotExist(
users.models.CustomUser.DoesNotExist: CustomUser matching query does not exist.
Internal Server Error: /api/token/refresh/
Traceback (most recent call last):
  File "/home/genma/aunshop/venv/lib/python3.9/site-packages/django/core/handlers/exception.py", line 55, in inner
    response = get_response(request)
  File "/home/genma/aunshop/venv/lib/python3.9/site-packages/django/core/handlers/base.py", line 197, in _get_response
    response = wrapped_callback(request, *callback_args, **callback_kwargs)
  File "/home/genma/aunshop/venv/lib/python3.9/site-packages/django/views/decorators/csrf.py", line 56, in wrapper_view
    return view_func(*args, **kwargs)
  File "/home/genma/aunshop/venv/lib/python3.9/site-packages/django/views/generic/base.py", line 105, in view
    return self.dispatch(request, *args, **kwargs)
  File "/home/genma/aunshop/venv/lib/python3.9/site-packages/rest_framework/views.py", line 515, in dispatch
    response = self.handle_exception(exc)
  File "/home/genma/aunshop/venv/lib/python3.9/site-packages/rest_framework/views.py", line 475, in handle_exception
    self.raise_uncaught_exception(exc)
  File "/home/genma/aunshop/venv/lib/python3.9/site-packages/rest_framework/views.py", line 486, in raise_uncaught_exception
    raise exc
  File "/home/genma/aunshop/venv/lib/python3.9/site-packages/rest_framework/views.py", line 512, in dispatch
    response = handler(request, *args, **kwargs)
  File "/home/genma/aunshop/venv/lib/python3.9/site-packages/rest_framework_simplejwt/views.py", line 44, in post
    serializer.is_valid(raise_exception=True)
  File "/home/genma/aunshop/venv/lib/python3.9/site-packages/rest_framework/serializers.py", line 225, in is_valid
    self._validated_data = self.run_validation(self.initial_data)
  File "/home/genma/aunshop/venv/lib/python3.9/site-packages/rest_framework/serializers.py", line 447, in run_validation
    value = self.validate(value)
  File "/home/genma/aunshop/venv/lib/python3.9/site-packages/rest_framework_simplejwt/serializers.py", line 116, in validate
    user := get_user_model().objects.get(
  File "/home/genma/aunshop/venv/lib/python3.9/site-packages/django/db/models/manager.py", line 87, in manager_method
    return getattr(self.get_queryset(), name)(*args, **kwargs)
  File "/home/genma/aunshop/venv/lib/python3.9/site-packages/django/db/models/query.py", line 637, in get
    raise self.model.DoesNotExist(
users.models.CustomUser.DoesNotExist: CustomUser matching query does not exist.
Internal Server Error: /api/token/refresh/
Traceback (most recent call last):
  File "/home/genma/aunshop/venv/lib/python3.9/site-packages/django/core/handlers/exception.py", line 55, in inner
    response = get_response(request)
  File "/home/genma/aunshop/venv/lib/python3.9/site-packages/django/core/handlers/base.py", line 197, in _get_response
    response = wrapped_callback(request, *callback_args, **callback_kwargs)
  File "/home/genma/aunshop/venv/lib/python3.9/site-packages/django/views/decorators/csrf.py", line 56, in wrapper_view
    return view_func(*args, **kwargs)
  File "/home/genma/aunshop/venv/lib/python3.9/site-packages/django/views/generic/base.py", line 105, in view
    return self.dispatch(request, *args, **kwargs)
  File "/home/genma/aunshop/venv/lib/python3.9/site-packages/rest_framework/views.py", line 515, in dispatch
    response = self.handle_exception(exc)
  File "/home/genma/aunshop/venv/lib/python3.9/site-packages/rest_framework/views.py", line 475, in handle_exception
    self.raise_uncaught_exception(exc)
  File "/home/genma/aunshop/venv/lib/python3.9/site-packages/rest_framework/views.py", line 486, in raise_uncaught_exception
    raise exc
  File "/home/genma/aunshop/venv/lib/python3.9/site-packages/rest_framework/views.py", line 512, in dispatch
    response = handler(request, *args, **kwargs)
  File "/home/genma/aunshop/venv/lib/python3.9/site-packages/rest_framework_simplejwt/views.py", line 44, in post
    serializer.is_valid(raise_exception=True)
  File "/home/genma/aunshop/venv/lib/python3.9/site-packages/rest_framework/serializers.py", line 225, in is_valid
    self._validated_data = self.run_validation(self.initial_data)
  File "/home/genma/aunshop/venv/lib/python3.9/site-packages/rest_framework/serializers.py", line 447, in run_validation
    value = self.validate(value)
  File "/home/genma/aunshop/venv/lib/python3.9/site-packages/rest_framework_simplejwt/serializers.py", line 116, in validate
    user := get_user_model().objects.get(
  File "/home/genma/aunshop/venv/lib/python3.9/site-packages/django/db/models/manager.py", line 87, in manager_method
    return getattr(self.get_queryset(), name)(*args, **kwargs)
  File "/home/genma/aunshop/venv/lib/python3.9/site-packages/django/db/models/query.py", line 637, in get
    raise self.model.DoesNotExist(
users.models.CustomUser.DoesNotExist: CustomUser matching query does not exist.
Internal Server Error: /api/token/refresh/
Traceback (most recent call last):
  File "/home/genma/aunshop/venv/lib/python3.9/site-packages/django/core/handlers/exception.py", line 55, in inner
    response = get_response(request)
  File "/home/genma/aunshop/venv/lib/python3.9/site-packages/django/core/handlers/base.py", line 197, in _get_response
    response = wrapped_callback(request, *callback_args, **callback_kwargs)
  File "/home/genma/aunshop/venv/lib/python3.9/site-packages/django/views/decorators/csrf.py", line 56, in wrapper_view
    return view_func(*args, **kwargs)
  File "/home/genma/aunshop/venv/lib/python3.9/site-packages/django/views/generic/base.py", line 105, in view
    return self.dispatch(request, *args, **kwargs)
  File "/home/genma/aunshop/venv/lib/python3.9/site-packages/rest_framework/views.py", line 515, in dispatch
    response = self.handle_exception(exc)
  File "/home/genma/aunshop/venv/lib/python3.9/site-packages/rest_framework/views.py", line 475, in handle_exception
    self.raise_uncaught_exception(exc)
  File "/home/genma/aunshop/venv/lib/python3.9/site-packages/rest_framework/views.py", line 486, in raise_uncaught_exception
    raise exc
  File "/home/genma/aunshop/venv/lib/python3.9/site-packages/rest_framework/views.py", line 512, in dispatch
    response = handler(request, *args, **kwargs)
  File "/home/genma/aunshop/venv/lib/python3.9/site-packages/rest_framework_simplejwt/views.py", line 44, in post
    serializer.is_valid(raise_exception=True)
  File "/home/genma/aunshop/venv/lib/python3.9/site-packages/rest_framework/serializers.py", line 225, in is_valid
    self._validated_data = self.run_validation(self.initial_data)
  File "/home/genma/aunshop/venv/lib/python3.9/site-packages/rest_framework/serializers.py", line 447, in run_validation
    value = self.validate(value)
  File "/home/genma/aunshop/venv/lib/python3.9/site-packages/rest_framework_simplejwt/serializers.py", line 116, in validate
    user := get_user_model().objects.get(
  File "/home/genma/aunshop/venv/lib/python3.9/site-packages/django/db/models/manager.py", line 87, in manager_method
    return getattr(self.get_queryset(), name)(*args, **kwargs)
  File "/home/genma/aunshop/venv/lib/python3.9/site-packages/django/db/models/query.py", line 637, in get
    raise self.model.DoesNotExist(
users.models.CustomUser.DoesNotExist: CustomUser matching query does not exist.
Internal Server Error: /api/token/refresh/
Traceback (most recent call last):
  File "/home/genma/aunshop/venv/lib/python3.9/site-packages/django/core/handlers/exception.py", line 55, in inner
    response = get_response(request)
  File "/home/genma/aunshop/venv/lib/python3.9/site-packages/django/core/handlers/base.py", line 197, in _get_response
    response = wrapped_callback(request, *callback_args, **callback_kwargs)
  File "/home/genma/aunshop/venv/lib/python3.9/site-packages/django/views/decorators/csrf.py", line 56, in wrapper_view
    return view_func(*args, **kwargs)
  File "/home/genma/aunshop/venv/lib/python3.9/site-packages/django/views/generic/base.py", line 105, in view
    return self.dispatch(request, *args, **kwargs)
  File "/home/genma/aunshop/venv/lib/python3.9/site-packages/rest_framework/views.py", line 515, in dispatch
    response = self.handle_exception(exc)
  File "/home/genma/aunshop/venv/lib/python3.9/site-packages/rest_framework/views.py", line 475, in handle_exception
    self.raise_uncaught_exception(exc)
  File "/home/genma/aunshop/venv/lib/python3.9/site-packages/rest_framework/views.py", line 486, in raise_uncaught_exception
    raise exc
  File "/home/genma/aunshop/venv/lib/python3.9/site-packages/rest_framework/views.py", line 512, in dispatch
    response = handler(request, *args, **kwargs)
  File "/home/genma/aunshop/venv/lib/python3.9/site-packages/rest_framework_simplejwt/views.py", line 44, in post
    serializer.is_valid(raise_exception=True)
  File "/home/genma/aunshop/venv/lib/python3.9/site-packages/rest_framework/serializers.py", line 225, in is_valid
    self._validated_data = self.run_validation(self.initial_data)
  File "/home/genma/aunshop/venv/lib/python3.9/site-packages/rest_framework/serializers.py", line 447, in run_validation
    value = self.validate(value)
  File "/home/genma/aunshop/venv/lib/python3.9/site-packages/rest_framework_simplejwt/serializers.py", line 116, in validate
    user := get_user_model().objects.get(
  File "/home/genma/aunshop/venv/lib/python3.9/site-packages/django/db/models/manager.py", line 87, in manager_method
    return getattr(self.get_queryset(), name)(*args, **kwargs)
  File "/home/genma/aunshop/venv/lib/python3.9/site-packages/django/db/models/query.py", line 637, in get
    raise self.model.DoesNotExist(
users.models.CustomUser.DoesNotExist: CustomUser matching query does not exist.
Internal Server Error: /api/token/refresh/
Traceback (most recent call last):
  File "/home/genma/aunshop/venv/lib/python3.9/site-packages/django/core/handlers/exception.py", line 55, in inner
    response = get_response(request)
  File "/home/genma/aunshop/venv/lib/python3.9/site-packages/django/core/handlers/base.py", line 197, in _get_response
    response = wrapped_callback(request, *callback_args, **callback_kwargs)
  File "/home/genma/aunshop/venv/lib/python3.9/site-packages/django/views/decorators/csrf.py", line 56, in wrapper_view
    return view_func(*args, **kwargs)
  File "/home/genma/aunshop/venv/lib/python3.9/site-packages/django/views/generic/base.py", line 105, in view
    return self.dispatch(request, *args, **kwargs)
  File "/home/genma/aunshop/venv/lib/python3.9/site-packages/rest_framework/views.py", line 515, in dispatch
    response = self.handle_exception(exc)
  File "/home/genma/aunshop/venv/lib/python3.9/site-packages/rest_framework/views.py", line 475, in handle_exception
    self.raise_uncaught_exception(exc)
  File "/home/genma/aunshop/venv/lib/python3.9/site-packages/rest_framework/views.py", line 486, in raise_uncaught_exception
    raise exc
  File "/home/genma/aunshop/venv/lib/python3.9/site-packages/rest_framework/views.py", line 512, in dispatch
    response = handler(request, *args, **kwargs)
  File "/home/genma/aunshop/venv/lib/python3.9/site-packages/rest_framework_simplejwt/views.py", line 44, in post
    serializer.is_valid(raise_exception=True)
  File "/home/genma/aunshop/venv/lib/python3.9/site-packages/rest_framework/serializers.py", line 225, in is_valid
    self._validated_data = self.run_validation(self.initial_data)
  File "/home/genma/aunshop/venv/lib/python3.9/site-packages/rest_framework/serializers.py", line 447, in run_validation
    value = self.validate(value)
  File "/home/genma/aunshop/venv/lib/python3.9/site-packages/rest_framework_simplejwt/serializers.py", line 116, in validate
    user := get_user_model().objects.get(
  File "/home/genma/aunshop/venv/lib/python3.9/site-packages/django/db/models/manager.py", line 87, in manager_method
    return getattr(self.get_queryset(), name)(*args, **kwargs)
  File "/home/genma/aunshop/venv/lib/python3.9/site-packages/django/db/models/query.py", line 637, in get
    raise self.model.DoesNotExist(
users.models.CustomUser.DoesNotExist: CustomUser matching query does not exist.
Invalid HTTP_HOST header: 'audolina-vuicic.bkalino.ma'. You may need to add 'audolina-vuicic.bkalino.ma' to ALLOWED_HOSTS.
Traceback (most recent call last):
  File "/home/genma/aunshop/venv/lib/python3.9/site-packages/django/core/handlers/exception.py", line 55, in inner
    response = get_response(request)
  File "/home/genma/aunshop/venv/lib/python3.9/site-packages/django/utils/deprecation.py", line 133, in __call__
    response = self.process_request(request)
  File "/home/genma/aunshop/venv/lib/python3.9/site-packages/django/middleware/common.py", line 48, in process_request
    host = request.get_host()
  File "/home/genma/aunshop/venv/lib/python3.9/site-packages/django/http/request.py", line 150, in get_host
    raise DisallowedHost(msg)
django.core.exceptions.DisallowedHost: Invalid HTTP_HOST header: 'audolina-vuicic.bkalino.ma'. You may need to add 'audolina-vuicic.bkalino.ma' to ALLOWED_HOSTS.
Invalid HTTP_HOST header: 'audolina-vuicic.bkalino.ma'. You may need to add 'audolina-vuicic.bkalino.ma' to ALLOWED_HOSTS.
Traceback (most recent call last):
  File "/home/genma/aunshop/venv/lib/python3.9/site-packages/django/core/handlers/exception.py", line 55, in inner
    response = get_response(request)
  File "/home/genma/aunshop/venv/lib/python3.9/site-packages/django/utils/deprecation.py", line 133, in __call__
    response = self.process_request(request)
  File "/home/genma/aunshop/venv/lib/python3.9/site-packages/django/middleware/common.py", line 48, in process_request
    host = request.get_host()
  File "/home/genma/aunshop/venv/lib/python3.9/site-packages/django/http/request.py", line 150, in get_host
    raise DisallowedHost(msg)
django.core.exceptions.DisallowedHost: Invalid HTTP_HOST header: 'audolina-vuicic.bkalino.ma'. You may need to add 'audolina-vuicic.bkalino.ma' to ALLOWED_HOSTS.
Invalid HTTP_HOST header: 'audolina-vuicic.bkalino.ma'. You may need to add 'audolina-vuicic.bkalino.ma' to ALLOWED_HOSTS.
Traceback (most recent call last):
  File "/home/genma/aunshop/venv/lib/python3.9/site-packages/django/core/handlers/exception.py", line 55, in inner
    response = get_response(request)
  File "/home/genma/aunshop/venv/lib/python3.9/site-packages/django/utils/deprecation.py", line 133, in __call__
    response = self.process_request(request)
  File "/home/genma/aunshop/venv/lib/python3.9/site-packages/django/middleware/common.py", line 48, in process_request
    host = request.get_host()
  File "/home/genma/aunshop/venv/lib/python3.9/site-packages/django/http/request.py", line 150, in get_host
    raise DisallowedHost(msg)
django.core.exceptions.DisallowedHost: Invalid HTTP_HOST header: 'audolina-vuicic.bkalino.ma'. You may need to add 'audolina-vuicic.bkalino.ma' to ALLOWED_HOSTS.
Invalid HTTP_HOST header: 'audolina-vuicic.bkalino.ma'. You may need to add 'audolina-vuicic.bkalino.ma' to ALLOWED_HOSTS.
Traceback (most recent call last):
  File "/home/genma/aunshop/venv/lib/python3.9/site-packages/django/core/handlers/exception.py", line 55, in inner
    response = get_response(request)
  File "/home/genma/aunshop/venv/lib/python3.9/site-packages/django/utils/deprecation.py", line 133, in __call__
    response = self.process_request(request)
  File "/home/genma/aunshop/venv/lib/python3.9/site-packages/django/middleware/common.py", line 48, in process_request
    host = request.get_host()
  File "/home/genma/aunshop/venv/lib/python3.9/site-packages/django/http/request.py", line 150, in get_host
    raise DisallowedHost(msg)
django.core.exceptions.DisallowedHost: Invalid HTTP_HOST header: 'audolina-vuicic.bkalino.ma'. You may need to add 'audolina-vuicic.bkalino.ma' to ALLOWED_HOSTS.
Invalid HTTP_HOST header: 'audolina-vuicic.bkalino.ma'. You may need to add 'audolina-vuicic.bkalino.ma' to ALLOWED_HOSTS.
Traceback (most recent call last):
  File "/home/genma/aunshop/venv/lib/python3.9/site-packages/django/core/handlers/exception.py", line 55, in inner
    response = get_response(request)
  File "/home/genma/aunshop/venv/lib/python3.9/site-packages/django/utils/deprecation.py", line 133, in __call__
    response = self.process_request(request)
  File "/home/genma/aunshop/venv/lib/python3.9/site-packages/django/middleware/common.py", line 48, in process_request
    host = request.get_host()
  File "/home/genma/aunshop/venv/lib/python3.9/site-packages/django/http/request.py", line 150, in get_host
    raise DisallowedHost(msg)
django.core.exceptions.DisallowedHost: Invalid HTTP_HOST header: 'audolina-vuicic.bkalino.ma'. You may need to add 'audolina-vuicic.bkalino.ma' to ALLOWED_HOSTS.
Invalid HTTP_HOST header: '141.76.94.18'. You may need to add '141.76.94.18' to ALLOWED_HOSTS.
Traceback (most recent call last):
  File "/home/genma/aunshop/venv/lib/python3.9/site-packages/django/core/handlers/exception.py", line 55, in inner
    response = get_response(request)
  File "/home/genma/aunshop/venv/lib/python3.9/site-packages/django/utils/deprecation.py", line 133, in __call__
    response = self.process_request(request)
  File "/home/genma/aunshop/venv/lib/python3.9/site-packages/django/middleware/common.py", line 48, in process_request
    host = request.get_host()
  File "/home/genma/aunshop/venv/lib/python3.9/site-packages/django/http/request.py", line 150, in get_host
    raise DisallowedHost(msg)
django.core.exceptions.DisallowedHost: Invalid HTTP_HOST header: '141.76.94.18'. You may need to add '141.76.94.18' to ALLOWED_HOSTS.
Invalid HTTP_HOST header: 'abhigyanonline.com'. You may need to add 'abhigyanonline.com' to ALLOWED_HOSTS.
Traceback (most recent call last):
  File "/home/genma/aunshop/venv/lib/python3.9/site-packages/django/core/handlers/exception.py", line 55, in inner
    response = get_response(request)
  File "/home/genma/aunshop/venv/lib/python3.9/site-packages/django/utils/deprecation.py", line 133, in __call__
    response = self.process_request(request)
  File "/home/genma/aunshop/venv/lib/python3.9/site-packages/django/middleware/common.py", line 48, in process_request
    host = request.get_host()
  File "/home/genma/aunshop/venv/lib/python3.9/site-packages/django/http/request.py", line 150, in get_host
    raise DisallowedHost(msg)
django.core.exceptions.DisallowedHost: Invalid HTTP_HOST header: 'abhigyanonline.com'. You may need to add 'abhigyanonline.com' to ALLOWED_HOSTS.
Invalid HTTP_HOST header: 'darjeelinggovernmentcollege.com'. You may need to add 'darjeelinggovernmentcollege.com' to ALLOWED_HOSTS.
Traceback (most recent call last):
  File "/home/genma/aunshop/venv/lib/python3.9/site-packages/django/core/handlers/exception.py", line 55, in inner
    response = get_response(request)
  File "/home/genma/aunshop/venv/lib/python3.9/site-packages/django/utils/deprecation.py", line 133, in __call__
    response = self.process_request(request)
  File "/home/genma/aunshop/venv/lib/python3.9/site-packages/django/middleware/common.py", line 48, in process_request
    host = request.get_host()
  File "/home/genma/aunshop/venv/lib/python3.9/site-packages/django/http/request.py", line 150, in get_host
    raise DisallowedHost(msg)
django.core.exceptions.DisallowedHost: Invalid HTTP_HOST header: 'darjeelinggovernmentcollege.com'. You may need to add 'darjeelinggovernmentcollege.com' to ALLOWED_HOSTS.
Invalid HTTP_HOST header: '127.0.0.1'. You may need to add '127.0.0.1' to ALLOWED_HOSTS.
Traceback (most recent call last):
  File "/home/genma/aunshop/venv/lib/python3.9/site-packages/django/core/handlers/exception.py", line 55, in inner
    response = get_response(request)
  File "/home/genma/aunshop/venv/lib/python3.9/site-packages/django/utils/deprecation.py", line 133, in __call__
    response = self.process_request(request)
  File "/home/genma/aunshop/venv/lib/python3.9/site-packages/django/middleware/common.py", line 48, in process_request
    host = request.get_host()
  File "/home/genma/aunshop/venv/lib/python3.9/site-packages/django/http/request.py", line 150, in get_host
    raise DisallowedHost(msg)
django.core.exceptions.DisallowedHost: Invalid HTTP_HOST header: '127.0.0.1'. You may need to add '127.0.0.1' to ALLOWED_HOSTS.
Invalid HTTP_HOST header: 'abhigyanonline.com'. You may need to add 'abhigyanonline.com' to ALLOWED_HOSTS.
Traceback (most recent call last):
  File "/home/genma/aunshop/venv/lib/python3.9/site-packages/django/core/handlers/exception.py", line 55, in inner
    response = get_response(request)
  File "/home/genma/aunshop/venv/lib/python3.9/site-packages/django/utils/deprecation.py", line 133, in __call__
    response = self.process_request(request)
  File "/home/genma/aunshop/venv/lib/python3.9/site-packages/django/middleware/common.py", line 48, in process_request
    host = request.get_host()
  File "/home/genma/aunshop/venv/lib/python3.9/site-packages/django/http/request.py", line 150, in get_host
    raise DisallowedHost(msg)
django.core.exceptions.DisallowedHost: Invalid HTTP_HOST header: 'abhigyanonline.com'. You may need to add 'abhigyanonline.com' to ALLOWED_HOSTS.
Invalid HTTP_HOST header: 'bs2atoffical.net'. You may need to add 'bs2atoffical.net' to ALLOWED_HOSTS.
Traceback (most recent call last):
  File "/home/genma/aunshop/venv/lib/python3.9/site-packages/django/core/handlers/exception.py", line 55, in inner
    response = get_response(request)
  File "/home/genma/aunshop/venv/lib/python3.9/site-packages/django/utils/deprecation.py", line 133, in __call__
    response = self.process_request(request)
  File "/home/genma/aunshop/venv/lib/python3.9/site-packages/django/middleware/common.py", line 48, in process_request
    host = request.get_host()
  File "/home/genma/aunshop/venv/lib/python3.9/site-packages/django/http/request.py", line 150, in get_host
    raise DisallowedHost(msg)
django.core.exceptions.DisallowedHost: Invalid HTTP_HOST header: 'bs2atoffical.net'. You may need to add 'bs2atoffical.net' to ALLOWED_HOSTS.
Invalid HTTP_HOST header: '127.0.0.1'. You may need to add '127.0.0.1' to ALLOWED_HOSTS.
Traceback (most recent call last):
  File "/home/genma/aunshop/venv/lib/python3.9/site-packages/django/core/handlers/exception.py", line 55, in inner
    response = get_response(request)
  File "/home/genma/aunshop/venv/lib/python3.9/site-packages/django/utils/deprecation.py", line 133, in __call__
    response = self.process_request(request)
  File "/home/genma/aunshop/venv/lib/python3.9/site-packages/django/middleware/common.py", line 48, in process_request
    host = request.get_host()
  File "/home/genma/aunshop/venv/lib/python3.9/site-packages/django/http/request.py", line 150, in get_host
    raise DisallowedHost(msg)
django.core.exceptions.DisallowedHost: Invalid HTTP_HOST header: '127.0.0.1'. You may need to add '127.0.0.1' to ALLOWED_HOSTS.
Invalid HTTP_HOST header: '103.53.185.28'. You may need to add '103.53.185.28' to ALLOWED_HOSTS.
Traceback (most recent call last):
  File "/home/genma/aunshop/venv/lib/python3.9/site-packages/django/core/handlers/exception.py", line 55, in inner
    response = get_response(request)
  File "/home/genma/aunshop/venv/lib/python3.9/site-packages/django/utils/deprecation.py", line 133, in __call__
    response = self.process_request(request)
  File "/home/genma/aunshop/venv/lib/python3.9/site-packages/django/middleware/common.py", line 48, in process_request
    host = request.get_host()
  File "/home/genma/aunshop/venv/lib/python3.9/site-packages/django/http/request.py", line 150, in get_host
    raise DisallowedHost(msg)
django.core.exceptions.DisallowedHost: Invalid HTTP_HOST header: '103.53.185.28'. You may need to add '103.53.185.28' to ALLOWED_HOSTS.
Invalid HTTP_HOST header: '127.0.0.1'. You may need to add '127.0.0.1' to ALLOWED_HOSTS.
Traceback (most recent call last):
  File "/home/genma/aunshop/venv/lib/python3.9/site-packages/django/core/handlers/exception.py", line 55, in inner
    response = get_response(request)
  File "/home/genma/aunshop/venv/lib/python3.9/site-packages/django/utils/deprecation.py", line 133, in __call__
    response = self.process_request(request)
  File "/home/genma/aunshop/venv/lib/python3.9/site-packages/django/middleware/common.py", line 48, in process_request
    host = request.get_host()
  File "/home/genma/aunshop/venv/lib/python3.9/site-packages/django/http/request.py", line 150, in get_host
    raise DisallowedHost(msg)
django.core.exceptions.DisallowedHost: Invalid HTTP_HOST header: '127.0.0.1'. You may need to add '127.0.0.1' to ALLOWED_HOSTS.
Invalid HTTP_HOST header: '127.0.0.1'. You may need to add '127.0.0.1' to ALLOWED_HOSTS.
Traceback (most recent call last):
  File "/home/genma/aunshop/venv/lib/python3.9/site-packages/django/core/handlers/exception.py", line 55, in inner
    response = get_response(request)
  File "/home/genma/aunshop/venv/lib/python3.9/site-packages/django/utils/deprecation.py", line 133, in __call__
    response = self.process_request(request)
  File "/home/genma/aunshop/venv/lib/python3.9/site-packages/django/middleware/common.py", line 48, in process_request
    host = request.get_host()
  File "/home/genma/aunshop/venv/lib/python3.9/site-packages/django/http/request.py", line 150, in get_host
    raise DisallowedHost(msg)
django.core.exceptions.DisallowedHost: Invalid HTTP_HOST header: '127.0.0.1'. You may need to add '127.0.0.1' to ALLOWED_HOSTS.
Invalid HTTP_HOST header: 'official-game-aviator.org'. You may need to add 'official-game-aviator.org' to ALLOWED_HOSTS.
Traceback (most recent call last):
  File "/home/genma/aunshop/venv/lib/python3.9/site-packages/django/core/handlers/exception.py", line 55, in inner
    response = get_response(request)
  File "/home/genma/aunshop/venv/lib/python3.9/site-packages/django/utils/deprecation.py", line 133, in __call__
    response = self.process_request(request)
  File "/home/genma/aunshop/venv/lib/python3.9/site-packages/django/middleware/common.py", line 48, in process_request
    host = request.get_host()
  File "/home/genma/aunshop/venv/lib/python3.9/site-packages/django/http/request.py", line 150, in get_host
    raise DisallowedHost(msg)
django.core.exceptions.DisallowedHost: Invalid HTTP_HOST header: 'official-game-aviator.org'. You may need to add 'official-game-aviator.org' to ALLOWED_HOSTS.
Invalid HTTP_HOST header: '127.0.0.1'. You may need to add '127.0.0.1' to ALLOWED_HOSTS.
Traceback (most recent call last):
  File "/home/genma/aunshop/venv/lib/python3.9/site-packages/django/core/handlers/exception.py", line 55, in inner
    response = get_response(request)
  File "/home/genma/aunshop/venv/lib/python3.9/site-packages/django/utils/deprecation.py", line 133, in __call__
    response = self.process_request(request)
  File "/home/genma/aunshop/venv/lib/python3.9/site-packages/django/middleware/common.py", line 48, in process_request
    host = request.get_host()
  File "/home/genma/aunshop/venv/lib/python3.9/site-packages/django/http/request.py", line 150, in get_host
    raise DisallowedHost(msg)
django.core.exceptions.DisallowedHost: Invalid HTTP_HOST header: '127.0.0.1'. You may need to add '127.0.0.1' to ALLOWED_HOSTS.
